X,name
1,Aphrodite
2,Apollo
3,Ares
4,Artemis
5,Athena
6,Demeter
7,Dionysus
8,Hades
9,Helios
10,Hephaestus
11,Hera
12,Hermes
13,Hestia
14,Persephone
15,Poseidon
16,Selene
17,Zeus
19,Bacchus
20,Bellona
21,Ceres
22,Cupid
23,Diana
24,Faunus
25,Flora
26,Janus
27,Juno
28,Jupiter
29,Lares
30,Libintia
31,Maia
32,Mars
33,Mercury
34,Minerva
35,Mithras
36,Neptune
37,Ops
38,Pales
39,Pluto
40,Pomona
41,Proserpine
42,Saturn
43,Venus
44,Vertumnus
45,Vesta
46,Vulcan
47,Aesir
48,Andhrimnir
49,Angrboda
50,Astrild
51,Atla
52,Audhumla
53,Balder
54,Beyla
55,Borghild
56,Bragi
57,Brono
58,Bylgia
59,Dagur
60,Disen
61,Eir
62,Elli
63,Fenrir
64,Forseti
65,Freya
66,Freyr
67,Frigg
68,Gefion
69,Gerd
70,Heimdall
71,Hel
72,Hermod
73,Hod
74,Holler
75,Idun
76,Jord
77,Jormungand
78,Kari
79,Kvasir
80,Laga
81,Lofn
82,Loki
83,Magni
84,Mani
85,Miming
86,Mimir
87,Modi
88,Njord
89,Norns
90,Nott
91,Odin
92,Ran
93,Saga
94,Sif
95,Sjofn
96,Skadi
97,Sleipnir
98,Sol
99,Syn
100,Thor
101,Tyr
102,Ull
103,Vali
104,Valkyries
105,Vanir
106,Var
107,Vidar
108,Airmid
109,Artio
110,Balor
111,Branwen
112,Camalus
113,Cerunnos
114,Cyhiraeth
115,Druantia
116,Giobhniu
117,Lugh
118,Llyr
119,Maeve
120,Manannan
121,Margawse
122,Mebd
123,Mider
124,Morrigan
125,Nemain
126,Aine
127,Angus Og
128,Anu
129,Babd Catha
130,Bel
131,Bran
132,Brighid
133,Bris
134,Dagda
135,Danu
136,Diancecht
137,Flidais
138,Labraid
139,Macha
140,Niamh
141,Arawn
142,Arianrhod
143,Amaethon
144,Blodeuwedd
145,Cerridwen
146,Dewi
147,Don
148,Dylan
149,Elaine
150,Gwydion
151,Myrrdin
152,Aizen
153,Aji
154,Ama
155,Amaterasu
156,Amatsu
159,Ame
161,Amida
162,Am
163,Baku
164,Benten
165,Benzai
166,Bimbogami
167,Binzuru
168,Bishamon
169,Bosatsu
170,Butsu
171,Chien
172,Chimata
173,Chup
174,Daibosatsu
175,Daikoku
176,Dainichi
177,Dosojin
178,Dozoku
179,Ebisu
180,Ekibiogami
181,Emma
182,Fudo
183,Fujin
184,Fukurokuju
185,Funadama
186,Futsu
187,Gama
188,Gekka
189,Hachiman
190,Haniyasu
192,Haya
193,Hiruko
194,Hoso
195,Hotei
196,Ida
197,Ika
198,Iki
199,Inari
200,Isora
201,Izanagi
202,Izanami
203,Jinushigami
204,Jizo
205,Juichimen
206,Jurojin
207,Kagutsuchi
208,Kamado
209,Kami
210,Kaminari
211,Kanayama
213,Kawa
214,Kenro
215,Kishi
216,Kishijoten
217,Kishimo
218,Kojin
219,Ko
220,Koshin
221,Koya
222,Kukunochi
223,Kuni
224,Kura
225,Marisha
226,Mawaya
227,Miro
228,Miyazu
229,Monju
230,Musubi
231,Nai
232,Naka
233,Nikko
234,Ninigi
235,Nominosukune
236,Nyorai
237,Oanomochi
238,Ohonamochi
239,Oho
240,Okuni
241,Owatatsumi
242,Oyamatsumi
243,Raiden
244,Ryo
245,Sae
246,Sambo
247,Sarutahiko
248,Sengen
249,Shaka
250,Shichi
251,Shinda
252,Shine
253,Shoden
254,Shoki
255,Suijin
256,Suitengu
257,Sukuna
258,Susanowa
259,Takami
260,Takemikadzuchi
261,Taki
262,Tatsuta
263,Tenjin
264,Toyo
265,Toyouke
266,Tsuki
267,Uba
268,Uga
270,Ukemochi
271,Uzume
272,Wakahiru
273,Wata
274,Yabune
275,Yama
276,Yamato
277,Yuki
278,Akea
279,Apukohai
280,Haulili
281,Hai
282,Hiaka
283,Hiiakawawahilani
284,Hinakuluiau
285,Kalaipahoa
286,Kaluannuunohonionio
287,Kamapua
288,Kamohoali
289,Kamooalii
290,Kanaloa
291,Kane
293,Kapo
294,Keoahikamakaua
295,Kapohoikahiola
296,Keuakepo
297,Kiha
298,Koleamoku
299,Ku
300,Kuahana
301,Kukaoo
303,Kaupe
304,Kukailimoku
305,Kuula
306,Laamaomao
307,Laka
308,Lakakane
309,Lie
310,Lono
311,Lonomakua
312,Mahulu
313,Manua
314,Maui
315,Milu
316,Moaalii
317,Mokualii
318,Mooaleo
319,Ouli
320,Poliahu
321,Papa
322,Pele
323,Puea
324,Ukanipo
325,Ulaulekeahi
326,Uli
327,Belobog
328,Berstuk
329,Crnobog
330,Dazbog
331,Flins
332,Hors
333,Jarilo
334,Juthrbog
335,Karewit
336,Lada
337,Lado
338,Marowit
339,Perun
340,Podaga
341,Porewit
342,Radegast
343,Rod 
344,Siebog
345,Simargl
346,Stribog
347,Svarog
348,Svetovid
349,Triglav
350,Veles
351,Zirnitra
352,Nezha
353,Daluoxian
354,Jinhuan
355,Jinkang
356,Li
357,Luoche
358,Ne
359,Nezhataizi
360,No
361,Nuozha
362,Tailuoxian
363,Taizi
364,Taiziyeh
365,YÃ¨uhuang
366,Zhongtan
367,Ch
368,Chu
369,Erh
370,Fu
371,Hou
372,Hsuan
373,I
374,Kue
375,Kuan
376,Lao
377,Lei
378,Lu
380,Tu
381,Chang
382,Hsi
384,Chuang
385,Feng
386,Hu
387,Kwan
388,Lo
389,Ma
390,Meng
391,Aaron
392,Abbey
393,Abbie
394,Abby
395,Abdul
396,Abe
397,Abel
398,Abigail
399,Abraham
400,Abram
401,Ada
402,Adah
403,Adalberto
404,Adaline
405,Adam
407,Adan
408,Addie
409,Adela
410,Adelaida
411,Adelaide
412,Adele
413,Adelia
414,Adelina
415,Adeline
416,Adell
417,Adella
418,Adelle
419,Adena
420,Adina
421,Adolfo
422,Adolph
423,Adria
424,Adrian
426,Adriana
427,Adriane
428,Adrianna
429,Adrianne
430,Adrien
431,Adriene
432,Adrienne
433,Afton
434,Agatha
435,Agnes
436,Agnus
437,Agripina
438,Agueda
439,Agustin
440,Agustina
441,Ahmad
442,Ahmed
443,Ai
444,Aida
445,Aide
446,Aiko
447,Aileen
448,Ailene
449,Aimee
450,Aisha
451,Aja
452,Akiko
453,Akilah
454,Al
455,Alaina
456,Alaine
457,Alan
458,Alana
459,Alane
460,Alanna
461,Alayna
462,Alba
463,Albert
465,Alberta
466,Albertha
467,Albertina
468,Albertine
469,Alberto
470,Albina
471,Alda
472,Alden
473,Aldo
474,Alease
475,Alec
476,Alecia
477,Aleen
478,Aleida
479,Aleisha
480,Alejandra
481,Alejandrina
482,Alejandro
483,Alena
484,Alene
485,Alesha
486,Aleshia
487,Alesia
488,Alessandra
489,Aleta
490,Aletha
491,Alethea
492,Alethia
493,Alex
495,Alexa
496,Alexander
498,Alexandra
499,Alexandria
500,Alexia
501,Alexis
503,Alfonso
504,Alfonzo
505,Alfred
506,Alfreda
507,Alfredia
508,Alfredo
509,Ali
511,Alia
512,Alica
513,Alice
514,Alicia
515,Alida
516,Alina
517,Aline
518,Alisa
519,Alise
520,Alisha
521,Alishia
522,Alisia
523,Alison
524,Alissa
525,Alita
526,Alix
527,Aliza
528,Alla
529,Allan
530,Alleen
531,Allegra
532,Allen
534,Allena
535,Allene
536,Allie
537,Alline
538,Allison
539,Allyn
540,Allyson
541,Alma
542,Almeda
543,Almeta
544,Alona
545,Alonso
546,Alonzo
547,Alpha
548,Alphonse
549,Alphonso
550,Alta
551,Altagracia
552,Altha
553,Althea
554,Alton
555,Alva
557,Alvaro
558,Alvera
559,Alverta
560,Alvin
561,Alvina
562,Alyce
563,Alycia
564,Alysa
565,Alyse
566,Alysha
567,Alysia
568,Alyson
569,Alyssa
570,Amada
571,Amado
572,Amal
573,Amalia
574,Amanda
575,Amber
576,Amberly
577,Ambrose
578,Amee
579,Amelia
580,America
581,Ami
582,Amie
583,Amiee
584,Amina
585,Amira
586,Ammie
587,Amos
588,Amparo
589,Amy
590,An
591,Ana
592,Anabel
593,Analisa
594,Anamaria
595,Anastacia
596,Anastasia
597,Andera
598,Anderson
599,Andra
600,Andre
602,Andrea
604,Andreas
605,Andree
606,Andres
607,Andrew
609,Andria
610,Andy
611,Anette
612,Angel
614,Angela
615,Angele
616,Angelena
617,Angeles
618,Angelia
619,Angelic
620,Angelica
621,Angelika
622,Angelina
623,Angeline
624,Angelique
625,Angelita
626,Angella
627,Angelo
629,Angelyn
630,Angie
631,Angila
632,Angla
633,Angle
634,Anglea
635,Anh
636,Anibal
637,Anika
638,Anisa
639,Anisha
640,Anissa
641,Anita
642,Anitra
643,Anja
644,Anjanette
645,Anjelica
646,Ann
647,Anna
648,Annabel
649,Annabell
650,Annabelle
651,Annalee
652,Annalisa
653,Annamae
654,Annamaria
655,Annamarie
656,Anne
657,Anneliese
658,Annelle
659,Annemarie
660,Annett
661,Annetta
662,Annette
663,Annice
664,Annie
665,Annika
666,Annis
667,Annita
668,Annmarie
669,Anthony
671,Antione
672,Antionette
673,Antoine
674,Antoinette
675,Anton
676,Antone
677,Antonetta
678,Antonette
679,Antonia
681,Antonietta
682,Antonina
683,Antonio
685,Antony
686,Antwan
687,Anya
688,Apolonia
689,April
690,Apryl
691,Ara
692,Araceli
693,Aracelis
694,Aracely
695,Arcelia
696,Archie
697,Ardath
698,Ardelia
699,Ardell
700,Ardella
701,Ardelle
702,Arden
703,Ardis
704,Ardith
705,Aretha
706,Argelia
707,Argentina
708,Ariana
709,Ariane
710,Arianna
711,Arianne
712,Arica
713,Arie
714,Ariel
716,Arielle
717,Arla
718,Arlean
719,Arleen
720,Arlen
721,Arlena
722,Arlene
723,Arletha
724,Arletta
725,Arlette
726,Arlie
727,Arlinda
728,Arline
729,Arlyne
730,Armand
731,Armanda
732,Armandina
733,Armando
734,Armida
735,Arminda
736,Arnetta
737,Arnette
738,Arnita
739,Arnold
740,Arnoldo
741,Arnulfo
742,Aron
743,Arron
744,Art
745,Arthur
747,Artie
748,Arturo
749,Arvilla
750,Asa
751,Asha
752,Ashanti
753,Ashely
754,Ashlea
755,Ashlee
756,Ashleigh
757,Ashley
759,Ashli
760,Ashlie
761,Ashly
762,Ashlyn
763,Ashton
764,Asia
765,Asley
766,Assunta
767,Astrid
768,Asuncion
770,Aubrey
772,Audie
773,Audra
774,Audrea
775,Audrey
776,Audria
777,Audrie
778,Audry
779,August
780,Augusta
781,Augustina
782,Augustine
784,Augustus
785,Aundrea
786,Aura
787,Aurea
788,Aurelia
789,Aurelio
790,Aurora
791,Aurore
792,Austin
794,Autumn
795,Ava
796,Avelina
797,Avery
799,Avis
800,Avril
801,Awilda
802,Ayako
803,Ayana
804,Ayanna
805,Ayesha
806,Azalee
807,Azucena
808,Azzie
809,Babara
810,Babette
811,Bailey
812,Bambi
813,Bao
814,Barabara
815,Barb
816,Barbar
817,Barbara
818,Barbera
819,Barbie
820,Barbra
821,Bari
822,Barney
823,Barrett
824,Barrie
825,Barry
826,Bart
827,Barton
828,Basil
829,Basilia
830,Bea
831,Beata
832,Beatrice
833,Beatris
834,Beatriz
835,Beau
836,Beaulah
837,Bebe
838,Becki
839,Beckie
840,Becky
841,Bee
842,Belen
843,Belia
844,Belinda
845,Belkis
846,Bell
847,Bella
848,Belle
849,Belva
850,Ben
851,Benedict
852,Benita
853,Benito
854,Benjamin
855,Bennett
856,Bennie
858,Benny
859,Benton
860,Berenice
861,Berna
862,Bernadette
863,Bernadine
864,Bernard
865,Bernarda
866,Bernardina
867,Bernardine
868,Bernardo
869,Berneice
870,Bernetta
871,Bernice
872,Bernie
874,Berniece
875,Bernita
876,Berry
878,Bert
879,Berta
880,Bertha
881,Bertie
882,Bertram
883,Beryl
884,Bess
885,Bessie
886,Beth
887,Bethanie
888,Bethann
889,Bethany
890,Bethel
891,Betsey
892,Betsy
893,Bette
894,Bettie
895,Bettina
896,Betty
897,Bettyann
898,Bettye
899,Beula
900,Beulah
901,Bev
902,Beverlee
903,Beverley
904,Beverly
905,Bianca
906,Bibi
907,Bill
908,Billi
909,Billie
911,Billy
913,Billye
914,Birdie
915,Birgit
916,Blaine
917,Blair
919,Blake
921,Blanca
922,Blanch
923,Blanche
924,Blondell
925,Blossom
926,Blythe
927,Bo
928,Bob
929,Bobbi
930,Bobbie
932,Bobby
934,Bobbye
935,Bobette
936,Bok
937,Bong
938,Bonita
939,Bonnie
940,Bonny
941,Booker
942,Boris
943,Boyce
944,Boyd
945,Brad
946,Bradford
947,Bradley
948,Bradly
949,Brady
950,Brain
951,Branda
952,Brande
953,Brandee
954,Branden
955,Brandi
956,Brandie
957,Brandon
959,Brandy
960,Brant
961,Breana
962,Breann
963,Breanna
964,Breanne
965,Bree
966,Brenda
967,Brendan
968,Brendon
969,Brenna
970,Brent
971,Brenton
972,Bret
973,Brett
975,Brian
977,Briana
978,Brianna
979,Brianne
980,Brice
981,Bridget
982,Bridgett
983,Bridgette
984,Brigette
985,Brigid
986,Brigida
987,Brigitte
988,Brinda
989,Britany
990,Britney
991,Britni
992,Britt
994,Britta
995,Brittaney
996,Brittani
997,Brittanie
998,Brittany
999,Britteny
1000,Brittney
1001,Brittni
1002,Brittny
1003,Brock
1004,Broderick
1005,Bronwyn
1006,Brook
1007,Brooke
1008,Brooks
1009,Bruce
1010,Bruna
1011,Brunilda
1012,Bruno
1013,Bryan
1014,Bryanna
1015,Bryant
1016,Bryce
1017,Brynn
1018,Bryon
1019,Buck
1020,Bud
1021,Buddy
1022,Buena
1023,Buffy
1024,Buford
1025,Bula
1026,Bulah
1027,Bunny
1028,Burl
1029,Burma
1030,Burt
1031,Burton
1032,Buster
1033,Byron
1034,Caitlin
1035,Caitlyn
1036,Calandra
1037,Caleb
1038,Calista
1039,Callie
1040,Calvin
1041,Camelia
1042,Camellia
1043,Cameron
1045,Cami
1046,Camie
1047,Camila
1048,Camilla
1049,Camille
1050,Cammie
1051,Cammy
1052,Candace
1053,Candance
1054,Candelaria
1055,Candi
1056,Candice
1057,Candida
1058,Candie
1059,Candis
1060,Candra
1061,Candy
1062,Candyce
1063,Caprice
1064,Cara
1065,Caren
1066,Carey
1068,Cari
1069,Caridad
1070,Carie
1071,Carin
1072,Carina
1073,Carisa
1074,Carissa
1075,Carita
1076,Carl
1078,Carla
1079,Carlee
1080,Carleen
1081,Carlena
1082,Carlene
1083,Carletta
1084,Carley
1085,Carli
1086,Carlie
1087,Carline
1088,Carlita
1089,Carlo
1090,Carlos
1092,Carlota
1093,Carlotta
1094,Carlton
1095,Carly
1096,Carlyn
1097,Carma
1098,Carman
1099,Carmel
1100,Carmela
1101,Carmelia
1102,Carmelina
1103,Carmelita
1104,Carmella
1105,Carmelo
1106,Carmen
1108,Carmina
1109,Carmine
1110,Carmon
1111,Carol
1113,Carola
1114,Carolann
1115,Carole
1116,Carolee
1117,Carolin
1118,Carolina
1119,Caroline
1120,Caroll
1121,Carolyn
1122,Carolyne
1123,Carolynn
1124,Caron
1125,Caroyln
1126,Carri
1127,Carrie
1128,Carrol
1130,Carroll
1132,Carry
1133,Carson
1134,Carter
1135,Cary
1137,Caryl
1138,Carylon
1139,Caryn
1140,Casandra
1141,Casey
1143,Casie
1144,Casimira
1145,Cassandra
1146,Cassaundra
1147,Cassey
1148,Cassi
1149,Cassidy
1150,Cassie
1151,Cassondra
1152,Cassy
1153,Catalina
1154,Catarina
1155,Caterina
1156,Catharine
1157,Catherin
1158,Catherina
1159,Catherine
1160,Cathern
1161,Catheryn
1162,Cathey
1163,Cathi
1164,Cathie
1165,Cathleen
1166,Cathrine
1167,Cathryn
1168,Cathy
1169,Catina
1170,Catrice
1171,Catrina
1172,Cayla
1173,Cecelia
1174,Cecil
1176,Cecila
1177,Cecile
1178,Cecilia
1179,Cecille
1180,Cecily
1181,Cedric
1182,Cedrick
1183,Celena
1184,Celesta
1185,Celeste
1186,Celestina
1187,Celestine
1188,Celia
1189,Celina
1190,Celinda
1191,Celine
1192,Celsa
1193,Ceola
1194,Cesar
1195,Chad
1196,Chadwick
1197,Chae
1198,Chan
1199,Chana
1200,Chance
1201,Chanda
1202,Chandra
1203,Chanel
1204,Chanell
1205,Chanelle
1208,Chantal
1209,Chantay
1210,Chante
1211,Chantel
1212,Chantell
1213,Chantelle
1214,Chara
1215,Charis
1216,Charise
1217,Charissa
1218,Charisse
1219,Charita
1220,Charity
1221,Charla
1222,Charleen
1223,Charlena
1224,Charlene
1225,Charles
1227,Charlesetta
1228,Charlette
1229,Charley
1230,Charlie
1232,Charline
1233,Charlott
1234,Charlotte
1235,Charlsie
1236,Charlyn
1237,Charmain
1238,Charmaine
1239,Charolette
1240,Chas
1241,Chase
1242,Chasidy
1243,Chasity
1244,Chassidy
1245,Chastity
1246,Chau
1247,Chauncey
1248,Chaya
1249,Chelsea
1250,Chelsey
1251,Chelsie
1252,Cher
1253,Chere
1254,Cheree
1255,Cherelle
1256,Cheri
1257,Cherie
1258,Cherilyn
1259,Cherise
1260,Cherish
1261,Cherly
1262,Cherlyn
1263,Cherri
1264,Cherrie
1265,Cherry
1266,Cherryl
1267,Chery
1268,Cheryl
1269,Cheryle
1270,Cheryll
1271,Chester
1272,Chet
1273,Cheyenne
1274,Chi
1276,Chia
1277,Chieko
1278,Chin
1279,China
1280,Ching
1281,Chiquita
1282,Chloe
1283,Chong
1285,Chris
1287,Chrissy
1288,Christa
1289,Christal
1290,Christeen
1291,Christel
1292,Christen
1293,Christena
1294,Christene
1295,Christi
1296,Christia
1297,Christian
1299,Christiana
1300,Christiane
1301,Christie
1302,Christin
1303,Christina
1304,Christine
1305,Christinia
1306,Christoper
1307,Christopher
1309,Christy
1310,Chrystal
1312,Chuck
1313,Chun
1314,Chung
1316,Ciara
1317,Cicely
1318,Ciera
1319,Cierra
1320,Cinda
1321,Cinderella
1322,Cindi
1323,Cindie
1324,Cindy
1325,Cinthia
1326,Cira
1327,Clair
1329,Claire
1330,Clara
1331,Clare
1332,Clarence
1334,Claretha
1335,Claretta
1336,Claribel
1337,Clarice
1338,Clarinda
1339,Clarine
1340,Claris
1341,Clarisa
1342,Clarissa
1343,Clarita
1344,Clark
1345,Classie
1346,Claud
1347,Claude
1349,Claudette
1350,Claudia
1351,Claudie
1352,Claudine
1353,Claudio
1354,Clay
1355,Clayton
1356,Clelia
1357,Clemencia
1358,Clement
1359,Clemente
1360,Clementina
1361,Clementine
1362,Clemmie
1363,Cleo
1365,Cleopatra
1366,Cleora
1367,Cleotilde
1368,Cleta
1369,Cletus
1370,Cleveland
1371,Cliff
1372,Clifford
1373,Clifton
1374,Clint
1375,Clinton
1376,Clora
1377,Clorinda
1378,Clotilde
1379,Clyde
1381,Codi
1382,Cody
1384,Colby
1386,Cole
1387,Coleen
1388,Coleman
1389,Colene
1390,Coletta
1391,Colette
1392,Colin
1393,Colleen
1394,Collen
1395,Collene
1396,Collette
1397,Collin
1398,Colton
1399,Columbus
1400,Concepcion
1401,Conception
1402,Concetta
1403,Concha
1404,Conchita
1405,Connie
1407,Conrad
1408,Constance
1409,Consuela
1410,Consuelo
1411,Contessa
1412,Cora
1413,Coral
1414,Coralee
1415,Coralie
1416,Corazon
1417,Cordelia
1418,Cordell
1419,Cordia
1420,Cordie
1421,Coreen
1422,Corene
1423,Coretta
1424,Corey
1426,Cori
1427,Corie
1428,Corina
1429,Corine
1430,Corinna
1431,Corinne
1432,Corliss
1433,Cornelia
1434,Cornelius
1435,Cornell
1436,Corrie
1437,Corrin
1438,Corrina
1439,Corrine
1440,Corrinne
1441,Cortez
1442,Cortney
1443,Cory
1445,Courtney
1447,Coy
1448,Craig
1449,Creola
1450,Cris
1451,Criselda
1452,Crissy
1453,Crista
1454,Cristal
1455,Cristen
1456,Cristi
1457,Cristie
1458,Cristin
1459,Cristina
1460,Cristine
1461,Cristobal
1462,Cristopher
1463,Cristy
1464,Cruz
1466,Crysta
1467,Crystal
1468,Crystle
1469,Cuc
1470,Curt
1471,Curtis
1473,Cyndi
1474,Cyndy
1475,Cynthia
1476,Cyril
1477,Cyrstal
1478,Cyrus
1479,Cythia
1480,Dacia
1481,Dagmar
1482,Dagny
1483,Dahlia
1484,Daina
1485,Daine
1486,Daisey
1487,Daisy
1488,Dakota
1489,Dale
1491,Dalene
1492,Dalia
1493,Dalila
1494,Dallas
1496,Dalton
1497,Damaris
1498,Damian
1499,Damien
1500,Damion
1501,Damon
1502,Dan
1504,Dana
1506,Danae
1507,Dane
1508,Danelle
1509,Danette
1510,Dani
1511,Dania
1512,Danial
1513,Danica
1514,Daniel
1516,Daniela
1517,Daniele
1518,Daniell
1519,Daniella
1520,Danielle
1521,Danika
1522,Danille
1523,Danilo
1524,Danita
1525,Dann
1526,Danna
1527,Dannette
1528,Dannie
1530,Dannielle
1531,Danny
1532,Dante
1533,Danuta
1534,Danyel
1535,Danyell
1536,Danyelle
1537,Daphine
1538,Daphne
1539,Dara
1540,Darby
1541,Darcel
1542,Darcey
1543,Darci
1544,Darcie
1545,Darcy
1546,Darell
1547,Daren
1548,Daria
1549,Darin
1550,Dario
1551,Darius
1552,Darla
1553,Darleen
1554,Darlena
1555,Darlene
1556,Darline
1557,Darnell
1559,Daron
1560,Darrel
1561,Darrell
1562,Darren
1563,Darrick
1564,Darrin
1565,Darron
1566,Darryl
1567,Darwin
1568,Daryl
1570,Dave
1571,David
1573,Davida
1574,Davina
1575,Davis
1576,Dawn
1577,Dawna
1578,Dawne
1579,Dayle
1580,Dayna
1581,Daysi
1582,Deadra
1583,Dean
1585,Deana
1586,Deandra
1587,Deandre
1588,Deandrea
1589,Deane
1590,Deangelo
1591,Deann
1592,Deanna
1593,Deanne
1594,Deb
1595,Debbi
1596,Debbie
1597,Debbra
1598,Debby
1599,Debera
1600,Debi
1601,Debora
1602,Deborah
1603,Debra
1604,Debrah
1605,Debroah
1606,Dede
1607,Dedra
1608,Dee
1610,Deeann
1611,Deeanna
1612,Deedee
1613,Deedra
1614,Deena
1615,Deetta
1616,Deidra
1617,Deidre
1618,Deirdre
1619,Deja
1620,Del
1621,Delaine
1622,Delana
1623,Delbert
1624,Delcie
1625,Delena
1626,Delfina
1627,Delia
1628,Delicia
1629,Delila
1630,Delilah
1631,Delinda
1632,Delisa
1633,Dell
1634,Della
1635,Delma
1636,Delmar
1637,Delmer
1638,Delmy
1639,Delois
1640,Deloise
1641,Delora
1642,Deloras
1643,Delores
1644,Deloris
1645,Delorse
1646,Delpha
1647,Delphia
1648,Delphine
1649,Delsie
1650,Delta
1651,Demarcus
1652,Demetra
1653,Demetria
1654,Demetrice
1655,Demetrius
1657,Dena
1658,Denae
1659,Deneen
1660,Denese
1661,Denice
1662,Denis
1663,Denise
1664,Denisha
1665,Denisse
1666,Denita
1667,Denna
1668,Dennis
1670,Dennise
1671,Denny
1673,Denver
1674,Denyse
1675,Deon
1677,Deonna
1678,Derek
1679,Derick
1680,Derrick
1681,Deshawn
1682,Desirae
1683,Desire
1684,Desiree
1685,Desmond
1686,Despina
1687,Dessie
1688,Destiny
1689,Detra
1690,Devin
1692,Devon
1694,Devona
1695,Devora
1696,Devorah
1697,Dewayne
1698,Dewey
1699,Dewitt
1700,Dexter
1701,Dia
1702,Diamond
1703,Dian
1705,Diane
1706,Diann
1707,Dianna
1708,Dianne
1709,Dick
1710,Diedra
1711,Diedre
1712,Diego
1713,Dierdre
1714,Digna
1715,Dillon
1716,Dimple
1717,Dina
1718,Dinah
1719,Dino
1720,Dinorah
1721,Dion
1723,Dione
1724,Dionna
1725,Dionne
1726,Dirk
1727,Divina
1728,Dixie
1729,Dodie
1730,Dollie
1731,Dolly
1732,Dolores
1733,Doloris
1734,Domenic
1735,Domenica
1736,Dominga
1737,Domingo
1738,Dominic
1739,Dominica
1740,Dominick
1741,Dominique
1743,Dominque
1744,Domitila
1745,Domonique
1747,Dona
1748,Donald
1750,Donella
1751,Donetta
1752,Donette
1753,Dong
1755,Donita
1756,Donn
1757,Donna
1758,Donnell
1759,Donnetta
1760,Donnette
1761,Donnie
1763,Donny
1764,Donovan
1765,Donte
1766,Donya
1767,Dora
1768,Dorathy
1769,Dorcas
1770,Doreatha
1771,Doreen
1772,Dorene
1773,Doretha
1774,Dorethea
1775,Doretta
1776,Dori
1777,Doria
1778,Dorian
1780,Dorie
1781,Dorinda
1782,Dorine
1783,Doris
1784,Dorla
1785,Dorotha
1786,Dorothea
1787,Dorothy
1788,Dorris
1789,Dorsey
1790,Dortha
1791,Dorthea
1792,Dorthey
1793,Dorthy
1794,Dot
1795,Dottie
1796,Dotty
1797,Doug
1798,Douglas
1799,Douglass
1800,Dovie
1801,Doyle
1802,Dreama
1803,Drema
1804,Drew
1806,Drucilla
1807,Drusilla
1808,Duane
1809,Dudley
1810,Dulce
1811,Dulcie
1812,Duncan
1813,Dung
1814,Dusti
1815,Dustin
1816,Dusty
1818,Dwain
1819,Dwana
1820,Dwayne
1821,Dwight
1822,Dyan
1824,Earl
1825,Earle
1826,Earlean
1827,Earleen
1828,Earlene
1829,Earlie
1830,Earline
1831,Earnest
1832,Earnestine
1833,Eartha
1834,Easter
1835,Eboni
1836,Ebonie
1837,Ebony
1838,Echo
1839,Ed
1840,Eda
1841,Edda
1842,Eddie
1844,Eddy
1845,Edelmira
1846,Eden
1847,Edgar
1848,Edgardo
1849,Edie
1850,Edison
1851,Edith
1852,Edmond
1853,Edmund
1854,Edmundo
1855,Edna
1856,Edra
1857,Edris
1858,Eduardo
1859,Edward
1861,Edwardo
1862,Edwin
1863,Edwina
1864,Edyth
1865,Edythe
1866,Effie
1867,Efrain
1868,Efren
1869,Ehtel
1870,Eileen
1871,Eilene
1872,Ela
1873,Eladia
1874,Elaina
1876,Elana
1877,Elane
1878,Elanor
1879,Elayne
1880,Elba
1881,Elbert
1882,Elda
1883,Elden
1884,Eldon
1885,Eldora
1886,Eldridge
1887,Eleanor
1888,Eleanora
1889,Eleanore
1890,Elease
1891,Elena
1892,Elene
1893,Eleni
1894,Elenor
1895,Elenora
1896,Elenore
1897,Eleonor
1898,Eleonora
1899,Eleonore
1900,Elfreda
1901,Elfrieda
1902,Elfriede
1903,Eli
1904,Elia
1905,Eliana
1906,Elias
1907,Elicia
1908,Elida
1909,Elidia
1910,Elijah
1911,Elin
1912,Elina
1913,Elinor
1914,Elinore
1915,Elisa
1916,Elisabeth
1917,Elise
1918,Eliseo
1919,Elisha
1921,Elissa
1922,Eliz
1923,Eliza
1924,Elizabet
1925,Elizabeth
1926,Elizbeth
1927,Elizebeth
1928,Elke
1929,Ella
1930,Ellamae
1931,Ellan
1932,Ellen
1933,Ellena
1935,Ellie
1936,Elliot
1937,Elliott
1938,Ellis
1940,Ellsworth
1941,Elly
1942,Ellyn
1943,Elma
1944,Elmer
1946,Elmira
1947,Elmo
1948,Elna
1949,Elnora
1950,Elodia
1951,Elois
1952,Eloisa
1953,Eloise
1954,Elouise
1955,Eloy
1956,Elroy
1957,Elsa
1958,Else
1959,Elsie
1960,Elsy
1961,Elton
1962,Elva
1963,Elvera
1964,Elvia
1965,Elvie
1966,Elvin
1967,Elvina
1968,Elvira
1969,Elvis
1970,Elwanda
1971,Elwood
1972,Elyse
1973,Elza
1974,Ema
1975,Emanuel
1976,Emelda
1977,Emelia
1978,Emelina
1979,Emeline
1980,Emely
1981,Emerald
1982,Emerita
1983,Emerson
1984,Emery
1985,Emiko
1986,Emil
1987,Emile
1988,Emilee
1989,Emilia
1990,Emilie
1991,Emilio
1992,Emily
1994,Emmaline
1995,Emmanuel
1996,Emmett
1997,Emmie
1998,Emmitt
1999,Emmy
2000,Emogene
2001,Emory
2002,Ena
2003,Enda
2004,Enedina
2005,Eneida
2006,Enid
2007,Enoch
2008,Enola
2009,Enrique
2010,Enriqueta
2011,Epifania
2012,Era
2013,Erasmo
2014,Eric
2016,Erica
2017,Erich
2018,Erick
2019,Ericka
2020,Erik
2021,Erika
2022,Erin
2024,Erinn
2025,Erlene
2026,Erlinda
2027,Erline
2028,Erma
2029,Ermelinda
2030,Erminia
2031,Erna
2032,Ernest
2033,Ernestina
2034,Ernestine
2035,Ernesto
2036,Ernie
2037,Errol
2038,Ervin
2039,Erwin
2040,Eryn
2041,Esmeralda
2042,Esperanza
2043,Essie
2044,Esta
2045,Esteban
2046,Estefana
2047,Estela
2048,Estell
2049,Estella
2050,Estelle
2051,Ester
2052,Esther
2053,Estrella
2054,Etha
2055,Ethan
2056,Ethel
2057,Ethelene
2058,Ethelyn
2059,Ethyl
2060,Etsuko
2061,Etta
2062,Ettie
2063,Eufemia
2064,Eugena
2065,Eugene
2067,Eugenia
2068,Eugenie
2069,Eugenio
2070,Eula
2071,Eulah
2072,Eulalia
2073,Eun
2074,Euna
2075,Eunice
2076,Eura
2077,Eusebia
2078,Eusebio
2079,Eustolia
2080,Eva
2081,Evalyn
2082,Evan
2084,Evangelina
2085,Evangeline
2086,Eve
2087,Evelia
2088,Evelin
2089,Evelina
2090,Eveline
2091,Evelyn
2092,Evelyne
2093,Evelynn
2094,Everett
2095,Everette
2096,Evette
2097,Evia
2098,Evie
2099,Evita
2100,Evon
2101,Evonne
2102,Ewa
2103,Exie
2104,Ezekiel
2105,Ezequiel
2106,Ezra
2107,Fabian
2108,Fabiola
2109,Fae
2110,Fairy
2111,Faith
2112,Fallon
2113,Fannie
2114,Fanny
2115,Farah
2116,Farrah
2117,Fatima
2118,Fatimah
2119,Faustina
2120,Faustino
2121,Fausto
2122,Faviola
2123,Fawn
2124,Fay
2125,Faye
2126,Fe
2127,Federico
2128,Felecia
2129,Felica
2130,Felice
2131,Felicia
2132,Felicidad
2133,Felicita
2134,Felicitas
2135,Felipa
2136,Felipe
2137,Felisa
2138,Felisha
2139,Felix
2140,Felton
2141,Ferdinand
2142,Fermin
2143,Fermina
2144,Fern
2145,Fernanda
2146,Fernande
2147,Fernando
2148,Ferne
2149,Fidel
2150,Fidela
2151,Fidelia
2152,Filiberto
2153,Filomena
2154,Fiona
2155,Flavia
2156,Fleta
2157,Fletcher
2158,Flo
2159,Flor
2161,Florance
2162,Florence
2163,Florencia
2164,Florencio
2165,Florene
2166,Florentina
2167,Florentino
2168,Floretta
2169,Floria
2170,Florida
2171,Florinda
2172,Florine
2173,Florrie
2174,Flossie
2175,Floy
2176,Floyd
2177,Fonda
2178,Forest
2179,Forrest
2180,Foster
2181,Fran
2182,France
2183,Francene
2184,Frances
2186,Francesca
2187,Francesco
2188,Franchesca
2189,Francie
2190,Francina
2191,Francine
2192,Francis
2194,Francisca
2195,Francisco
2197,Francoise
2198,Frank
2200,Frankie
2202,Franklin
2203,Franklyn
2204,Fransisca
2205,Fred
2207,Freda
2208,Fredda
2209,Freddie
2211,Freddy
2212,Frederic
2213,Frederica
2214,Frederick
2215,Fredericka
2216,Fredia
2217,Fredric
2218,Fredrick
2219,Fredricka
2220,Freeda
2221,Freeman
2222,Freida
2223,Frida
2224,Frieda
2225,Fritz
2226,Fumiko
2227,Gabriel
2229,Gabriela
2230,Gabriele
2231,Gabriella
2232,Gabrielle
2233,Gail
2235,Gala
2236,Gale
2238,Galen
2239,Galina
2240,Garfield
2241,Garland
2242,Garnet
2243,Garnett
2244,Garret
2245,Garrett
2246,Garry
2247,Garth
2248,Gary
2250,Gaston
2251,Gavin
2252,Gay
2253,Gaye
2254,Gayla
2255,Gayle
2257,Gaylene
2258,Gaylord
2259,Gaynell
2260,Gaynelle
2261,Gearldine
2262,Gema
2263,Gemma
2264,Gena
2265,Genaro
2266,Gene
2268,Genesis
2269,Geneva
2270,Genevie
2271,Genevieve
2272,Genevive
2273,Genia
2274,Genie
2275,Genna
2276,Gennie
2277,Genny
2278,Genoveva
2279,Geoffrey
2280,Georgann
2281,George
2283,Georgeann
2284,Georgeanna
2285,Georgene
2286,Georgetta
2287,Georgette
2288,Georgia
2289,Georgiana
2290,Georgiann
2291,Georgianna
2292,Georgianne
2293,Georgie
2294,Georgina
2295,Georgine
2296,Gerald
2298,Geraldine
2299,Geraldo
2300,Geralyn
2301,Gerard
2302,Gerardo
2303,Gerda
2304,Geri
2305,Germaine
2306,German
2307,Gerri
2308,Gerry
2310,Gertha
2311,Gertie
2312,Gertrud
2313,Gertrude
2314,Gertrudis
2315,Gertude
2316,Ghislaine
2317,Gia
2318,Gianna
2319,Gidget
2320,Gigi
2321,Gil
2322,Gilbert
2323,Gilberte
2324,Gilberto
2325,Gilda
2326,Gillian
2327,Gilma
2328,Gina
2329,Ginette
2330,Ginger
2331,Ginny
2332,Gino
2333,Giovanna
2334,Giovanni
2335,Gisela
2336,Gisele
2337,Giselle
2338,Gita
2339,Giuseppe
2340,Giuseppina
2341,Gladis
2342,Glady
2343,Gladys
2344,Glayds
2345,Glen
2346,Glenda
2347,Glendora
2348,Glenn
2350,Glenna
2351,Glennie
2352,Glennis
2353,Glinda
2354,Gloria
2355,Glory
2356,Glynda
2357,Glynis
2358,Golda
2359,Golden
2360,Goldie
2361,Gonzalo
2362,Gordon
2363,Grace
2364,Gracia
2365,Gracie
2366,Graciela
2367,Grady
2368,Graham
2369,Graig
2370,Grant
2371,Granville
2372,Grayce
2373,Grazyna
2374,Greg
2375,Gregg
2376,Gregoria
2377,Gregorio
2378,Gregory
2380,Greta
2381,Gretchen
2382,Gretta
2383,Gricelda
2384,Grisel
2385,Griselda
2386,Grover
2387,Guadalupe
2389,Gudrun
2390,Guillermina
2391,Guillermo
2392,Gus
2393,Gussie
2394,Gustavo
2395,Guy
2396,Gwen
2397,Gwenda
2398,Gwendolyn
2399,Gwenn
2400,Gwyn
2401,Gwyneth
2402,Ha
2403,Hae
2405,Hailey
2406,Hal
2407,Haley
2408,Halina
2409,Halley
2410,Hallie
2411,Han
2412,Hana
2413,Hang
2414,Hanh
2415,Hank
2416,Hanna
2417,Hannah
2418,Hannelore
2419,Hans
2420,Harlan
2421,Harland
2422,Harley
2423,Harmony
2424,Harold
2426,Harriet
2427,Harriett
2428,Harriette
2429,Harris
2430,Harrison
2431,Harry
2432,Harvey
2433,Hassan
2434,Hassie
2435,Hattie
2436,Haydee
2437,Hayden
2438,Hayley
2439,Haywood
2440,Hazel
2441,Heath
2442,Heather
2443,Hector
2444,Hedwig
2445,Hedy
2446,Hee
2447,Heide
2448,Heidi
2449,Heidy
2450,Heike
2451,Helaine
2452,Helen
2453,Helena
2454,Helene
2455,Helga
2456,Hellen
2457,Henrietta
2458,Henriette
2459,Henry
2461,Herb
2462,Herbert
2463,Heriberto
2464,Herlinda
2465,Herma
2466,Herman
2467,Hermelinda
2468,Hermila
2469,Hermina
2470,Hermine
2471,Herminia
2472,Herschel
2473,Hershel
2474,Herta
2475,Hertha
2476,Hester
2477,Hettie
2478,Hiedi
2479,Hien
2480,Hilaria
2481,Hilario
2482,Hilary
2483,Hilda
2484,Hilde
2485,Hildegard
2486,Hildegarde
2487,Hildred
2488,Hillary
2489,Hilma
2490,Hilton
2491,Hipolito
2492,Hiram
2493,Hiroko
2494,Hisako
2495,Hoa
2496,Hobert
2497,Holley
2498,Holli
2499,Hollie
2500,Hollis
2502,Holly
2503,Homer
2504,Honey
2505,Hong
2507,Hope
2508,Horace
2509,Horacio
2510,Hortencia
2511,Hortense
2512,Hortensia
2513,Hosea
2514,Houston
2515,Howard
2516,Hoyt
2517,Hsiu
2518,Hubert
2519,Hue
2520,Huey
2521,Hugh
2522,Hugo
2523,Hui
2524,Hulda
2525,Humberto
2526,Hung
2527,Hunter
2528,Huong
2529,Hwa
2530,Hyacinth
2531,Hye
2532,Hyman
2533,Hyo
2534,Hyon
2535,Hyun
2536,Ian
2538,Idalia
2539,Idell
2540,Idella
2541,Iesha
2542,Ignacia
2543,Ignacio
2544,Ike
2545,Ila
2546,Ilana
2547,Ilda
2548,Ileana
2549,Ileen
2550,Ilene
2551,Iliana
2552,Illa
2553,Ilona
2554,Ilse
2555,Iluminada
2556,Ima
2557,Imelda
2558,Imogene
2559,In
2560,Ina
2561,India
2562,Indira
2563,Inell
2564,Ines
2565,Inez
2566,Inga
2567,Inge
2568,Ingeborg
2569,Inger
2570,Ingrid
2571,Inocencia
2572,Iola
2573,Iona
2574,Ione
2575,Ira
2577,Iraida
2578,Irena
2579,Irene
2580,Irina
2581,Iris
2582,Irish
2583,Irma
2584,Irmgard
2585,Irvin
2586,Irving
2587,Irwin
2588,Isa
2589,Isaac
2590,Isabel
2591,Isabell
2592,Isabella
2593,Isabelle
2594,Isadora
2595,Isaiah
2596,Isaias
2597,Isaura
2598,Isela
2599,Isiah
2600,Isidra
2601,Isidro
2602,Isis
2603,Ismael
2604,Isobel
2605,Israel
2606,Isreal
2607,Issac
2608,Iva
2609,Ivan
2610,Ivana
2611,Ivelisse
2612,Ivette
2613,Ivey
2614,Ivonne
2615,Ivory
2617,Ivy
2618,Izetta
2619,Izola
2620,Ja
2621,Jacalyn
2622,Jacelyn
2623,Jacinda
2624,Jacinta
2625,Jacinto
2626,Jack
2628,Jackeline
2629,Jackelyn
2630,Jacki
2631,Jackie
2633,Jacklyn
2634,Jackqueline
2635,Jackson
2636,Jaclyn
2637,Jacob
2638,Jacqualine
2639,Jacque
2640,Jacquelin
2641,Jacqueline
2642,Jacquelyn
2643,Jacquelyne
2644,Jacquelynn
2645,Jacques
2646,Jacquetta
2647,Jacqui
2648,Jacquie
2649,Jacquiline
2650,Jacquline
2651,Jacqulyn
2652,Jada
2653,Jade
2654,Jadwiga
2655,Jae
2657,Jaime
2659,Jaimee
2660,Jaimie
2661,Jake
2662,Jaleesa
2663,Jalisa
2664,Jama
2665,Jamaal
2666,Jamal
2667,Jamar
2668,Jame
2670,Jamee
2671,Jamel
2672,James
2674,Jamey
2676,Jami
2677,Jamie
2679,Jamika
2680,Jamila
2681,Jamison
2682,Jammie
2683,Jan
2685,Jana
2686,Janae
2687,Janay
2688,Jane
2689,Janean
2690,Janee
2691,Janeen
2692,Janel
2693,Janell
2694,Janella
2695,Janelle
2696,Janene
2697,Janessa
2698,Janet
2699,Janeth
2700,Janett
2701,Janetta
2702,Janette
2703,Janey
2704,Jani
2705,Janice
2706,Janie
2707,Janiece
2708,Janina
2709,Janine
2710,Janis
2711,Janise
2712,Janita
2713,Jann
2714,Janna
2715,Jannet
2716,Jannette
2717,Jannie
2718,January
2719,Janyce
2720,Jaqueline
2721,Jaquelyn
2722,Jared
2723,Jarod
2724,Jarred
2725,Jarrett
2726,Jarrod
2727,Jarvis
2728,Jasmin
2729,Jasmine
2730,Jason
2732,Jasper
2733,Jaunita
2734,Javier
2735,Jay
2737,Jaye
2738,Jayme
2739,Jaymie
2740,Jayna
2741,Jayne
2742,Jayson
2743,Jazmin
2744,Jazmine
2745,Jc
2746,Jean
2748,Jeana
2749,Jeane
2750,Jeanelle
2751,Jeanene
2752,Jeanett
2753,Jeanetta
2754,Jeanette
2755,Jeanice
2756,Jeanie
2757,Jeanine
2758,Jeanmarie
2759,Jeanna
2760,Jeanne
2761,Jeannetta
2762,Jeannette
2763,Jeannie
2764,Jeannine
2765,Jed
2766,Jeff
2767,Jefferey
2768,Jefferson
2769,Jeffery
2770,Jeffie
2771,Jeffrey
2773,Jeffry
2774,Jen
2775,Jena
2776,Jenae
2777,Jene
2778,Jenee
2779,Jenell
2780,Jenelle
2781,Jenette
2782,Jeneva
2783,Jeni
2784,Jenice
2785,Jenifer
2786,Jeniffer
2787,Jenine
2788,Jenise
2789,Jenna
2790,Jennefer
2791,Jennell
2792,Jennette
2793,Jenni
2794,Jennie
2795,Jennifer
2796,Jenniffer
2797,Jennine
2798,Jenny
2799,Jerald
2800,Jeraldine
2801,Jeramy
2802,Jere
2803,Jeremiah
2804,Jeremy
2806,Jeri
2807,Jerica
2808,Jerilyn
2809,Jerlene
2810,Jermaine
2811,Jerold
2812,Jerome
2813,Jeromy
2814,Jerrell
2815,Jerri
2816,Jerrica
2817,Jerrie
2818,Jerrod
2819,Jerrold
2820,Jerry
2822,Jesenia
2823,Jesica
2824,Jess
2825,Jesse
2827,Jessenia
2828,Jessi
2829,Jessia
2830,Jessica
2831,Jessie
2833,Jessika
2834,Jestine
2835,Jesus
2837,Jesusa
2838,Jesusita
2839,Jetta
2840,Jettie
2841,Jewel
2843,Jewell
2845,Ji
2846,Jill
2847,Jillian
2848,Jim
2849,Jimmie
2851,Jimmy
2853,Jin
2854,Jina
2855,Jinny
2856,Jo
2857,Joan
2859,Joana
2860,Joane
2861,Joanie
2862,Joann
2863,Joanna
2864,Joanne
2865,Joannie
2866,Joaquin
2867,Joaquina
2868,Jocelyn
2869,Jodee
2870,Jodi
2871,Jodie
2872,Jody
2874,Joe
2876,Joeann
2877,Joel
2879,Joella
2880,Joelle
2881,Joellen
2882,Joesph
2883,Joetta
2884,Joette
2885,Joey
2887,Johana
2888,Johanna
2889,Johanne
2890,John
2892,Johna
2893,Johnathan
2894,Johnathon
2895,Johnetta
2896,Johnette
2897,Johnie
2899,Johnna
2900,Johnnie
2902,Johnny
2904,Johnsie
2905,Johnson
2906,Joi
2907,Joie
2908,Jolanda
2909,Joleen
2910,Jolene
2911,Jolie
2912,Joline
2913,Jolyn
2914,Jolynn
2915,Jon
2917,Jona
2918,Jonah
2919,Jonas
2920,Jonathan
2921,Jonathon
2922,Jone
2923,Jonell
2924,Jonelle
2925,Jong
2926,Joni
2927,Jonie
2928,Jonna
2929,Jonnie
2930,Jordan
2932,Jordon
2933,Jorge
2934,Jose
2936,Josef
2937,Josefa
2938,Josefina
2939,Josefine
2940,Joselyn
2941,Joseph
2943,Josephina
2944,Josephine
2945,Josette
2946,Josh
2947,Joshua
2949,Josiah
2950,Josie
2951,Joslyn
2952,Jospeh
2953,Josphine
2954,Josue
2955,Jovan
2956,Jovita
2957,Joy
2958,Joya
2959,Joyce
2960,Joycelyn
2961,Joye
2962,Juan
2964,Juana
2965,Juanita
2966,Jude
2968,Judi
2969,Judie
2970,Judith
2971,Judson
2972,Judy
2973,Jule
2974,Julee
2975,Julene
2976,Jules
2977,Juli
2978,Julia
2979,Julian
2981,Juliana
2982,Juliane
2983,Juliann
2984,Julianna
2985,Julianne
2986,Julie
2987,Julieann
2988,Julienne
2989,Juliet
2990,Julieta
2991,Julietta
2992,Juliette
2993,Julio
2995,Julissa
2996,Julius
2997,June
2998,Jung
2999,Junie
3000,Junior
3001,Junita
3002,Junko
3003,Justa
3004,Justin
3006,Justina
3007,Justine
3008,Jutta
3009,Ka
3010,Kacey
3011,Kaci
3012,Kacie
3013,Kacy
3014,Kai
3015,Kaila
3016,Kaitlin
3017,Kaitlyn
3018,Kala
3019,Kaleigh
3020,Kaley
3021,Kali
3022,Kallie
3023,Kalyn
3024,Kam
3025,Kamala
3027,Kamilah
3028,Kandace
3029,Kandi
3030,Kandice
3031,Kandis
3032,Kandra
3033,Kandy
3034,Kanesha
3035,Kanisha
3036,Kara
3037,Karan
3038,Kareem
3039,Kareen
3040,Karen
3041,Karena
3042,Karey
3044,Karie
3045,Karima
3046,Karin
3047,Karina
3048,Karine
3049,Karisa
3050,Karissa
3051,Karl
3053,Karla
3054,Karleen
3055,Karlene
3056,Karly
3057,Karlyn
3058,Karma
3059,Karmen
3060,Karol
3061,Karole
3062,Karoline
3063,Karolyn
3064,Karon
3065,Karren
3066,Karri
3067,Karrie
3068,Karry
3069,Kary
3070,Karyl
3071,Karyn
3072,Kasandra
3073,Kasey
3075,Kasha
3076,Kasi
3077,Kasie
3078,Kassandra
3079,Kassie
3080,Kate
3081,Katelin
3082,Katelyn
3083,Katelynn
3084,Katerine
3085,Kathaleen
3086,Katharina
3087,Katharine
3088,Katharyn
3089,Kathe
3090,Katheleen
3091,Katherin
3092,Katherina
3093,Katherine
3094,Kathern
3095,Katheryn
3096,Kathey
3097,Kathi
3098,Kathie
3099,Kathleen
3100,Kathlene
3101,Kathline
3102,Kathlyn
3103,Kathrin
3104,Kathrine
3105,Kathryn
3106,Kathryne
3107,Kathy
3108,Kathyrn
3109,Kati
3110,Katia
3111,Katie
3112,Katina
3113,Katlyn
3114,Katrice
3115,Katrina
3116,Kattie
3117,Katy
3118,Kay
3119,Kayce
3120,Kaycee
3121,Kaye
3122,Kayla
3123,Kaylee
3124,Kayleen
3125,Kayleigh
3126,Kaylene
3127,Kazuko
3128,Kecia
3129,Keeley
3130,Keely
3131,Keena
3132,Keenan
3133,Keesha
3134,Keiko
3135,Keila
3136,Keira
3137,Keisha
3138,Keith
3140,Keitha
3141,Keli
3142,Kelle
3143,Kellee
3144,Kelley
3146,Kelli
3147,Kellie
3148,Kelly
3150,Kellye
3151,Kelsey
3152,Kelsi
3153,Kelsie
3154,Kelvin
3155,Kemberly
3156,Ken
3157,Kena
3158,Kenda
3159,Kendal
3160,Kendall
3162,Kendra
3163,Kendrick
3164,Keneth
3165,Kenia
3166,Kenisha
3167,Kenna
3168,Kenneth
3170,Kennith
3171,Kenny
3172,Kent
3173,Kenton
3174,Kenya
3175,Kenyatta
3176,Kenyetta
3177,Kera
3178,Keren
3179,Keri
3180,Kermit
3181,Kerri
3182,Kerrie
3183,Kerry
3185,Kerstin
3186,Kesha
3187,Keshia
3188,Keturah
3189,Keva
3190,Keven
3191,Kevin
3193,Khadijah
3194,Khalilah
3195,Kia
3196,Kiana
3197,Kiara
3198,Kiera
3199,Kiersten
3200,Kiesha
3201,Kieth
3202,Kiley
3203,Kim
3205,Kimber
3206,Kimberely
3207,Kimberlee
3208,Kimberley
3209,Kimberli
3210,Kimberlie
3211,Kimberly
3212,Kimbery
3213,Kimbra
3214,Kimi
3215,Kimiko
3216,Kina
3217,Kindra
3218,King
3219,Kip
3220,Kira
3221,Kirby
3223,Kirk
3224,Kirsten
3225,Kirstie
3226,Kirstin
3227,Kisha
3228,Kit
3229,Kittie
3230,Kitty
3231,Kiyoko
3232,Kizzie
3233,Kizzy
3234,Klara
3235,Korey
3236,Kori
3237,Kortney
3238,Kory
3239,Kourtney
3240,Kraig
3241,Kris
3243,Krishna
3244,Krissy
3245,Krista
3246,Kristal
3247,Kristan
3248,Kristeen
3249,Kristel
3250,Kristen
3251,Kristi
3252,Kristian
3253,Kristie
3254,Kristin
3255,Kristina
3256,Kristine
3257,Kristle
3258,Kristofer
3259,Kristopher
3260,Kristy
3261,Kristyn
3262,Krysta
3263,Krystal
3264,Krysten
3265,Krystin
3266,Krystina
3267,Krystle
3268,Krystyna
3269,Kum
3270,Kurt
3271,Kurtis
3272,Kyla
3273,Kyle
3275,Kylee
3276,Kylie
3277,Kym
3278,Kymberly
3279,Kyoko
3280,Kyong
3281,Kyra
3282,Kyung
3283,Lacey
3284,Lachelle
3285,Laci
3286,Lacie
3287,Lacresha
3288,Lacy
3290,Ladawn
3291,Ladonna
3292,Lady
3293,Lael
3294,Lahoma
3295,Lai
3296,Laila
3297,Laine
3298,Lajuana
3299,Lakeesha
3300,Lakeisha
3301,Lakendra
3302,Lakenya
3303,Lakesha
3304,Lakeshia
3305,Lakia
3306,Lakiesha
3307,Lakisha
3308,Lakita
3309,Lala
3310,Lamar
3311,Lamonica
3312,Lamont
3313,Lan
3314,Lana
3315,Lance
3316,Landon
3317,Lane
3319,Lanell
3320,Lanelle
3321,Lanette
3322,Lang
3323,Lani
3324,Lanie
3325,Lanita
3326,Lannie
3327,Lanny
3328,Lanora
3329,Laquanda
3330,Laquita
3331,Lara
3332,Larae
3333,Laraine
3334,Laree
3335,Larhonda
3336,Larisa
3337,Larissa
3338,Larita
3339,Laronda
3340,Larraine
3341,Larry
3343,Larue
3344,Lasandra
3345,Lashanda
3346,Lashandra
3347,Lashaun
3348,Lashaunda
3349,Lashawn
3350,Lashawna
3351,Lashawnda
3352,Lashay
3353,Lashell
3354,Lashon
3355,Lashonda
3356,Lashunda
3357,Lasonya
3358,Latanya
3359,Latarsha
3360,Latasha
3361,Latashia
3362,Latesha
3363,Latia
3364,Laticia
3365,Latina
3366,Latisha
3367,Latonia
3368,Latonya
3369,Latoria
3370,Latosha
3371,Latoya
3372,Latoyia
3373,Latrice
3374,Latricia
3375,Latrina
3376,Latrisha
3377,Launa
3378,Laura
3379,Lauralee
3380,Lauran
3381,Laure
3382,Laureen
3383,Laurel
3384,Lauren
3386,Laurena
3387,Laurence
3389,Laurene
3390,Lauretta
3391,Laurette
3392,Lauri
3393,Laurice
3394,Laurie
3395,Laurinda
3396,Laurine
3397,Lauryn
3398,Lavada
3399,Lavelle
3400,Lavenia
3401,Lavera
3402,Lavern
3404,Laverna
3405,Laverne
3407,Laveta
3408,Lavette
3409,Lavina
3410,Lavinia
3411,Lavon
3412,Lavona
3413,Lavonda
3414,Lavone
3415,Lavonia
3416,Lavonna
3417,Lavonne
3418,Lawana
3419,Lawanda
3420,Lawanna
3421,Lawerence
3422,Lawrence
3424,Layla
3425,Layne
3426,Lazaro
3427,Le
3428,Lea
3429,Leah
3430,Lean
3431,Leana
3432,Leandra
3433,Leandro
3434,Leann
3435,Leanna
3436,Leanne
3437,Leanora
3438,Leatha
3439,Leatrice
3440,Lecia
3441,Leda
3442,Lee
3444,Leeann
3445,Leeanna
3446,Leeanne
3447,Leena
3448,Leesa
3449,Leia
3450,Leida
3451,Leif
3452,Leigh
3454,Leigha
3455,Leighann
3456,Leila
3457,Leilani
3458,Leisa
3459,Leisha
3460,Lekisha
3461,Lela
3462,Lelah
3463,Leland
3464,Lelia
3465,Lemuel
3466,Len
3467,Lena
3468,Lenard
3469,Lenita
3470,Lenna
3471,Lennie
3472,Lenny
3473,Lenora
3474,Lenore
3475,Leo
3477,Leola
3478,Leoma
3479,Leon
3481,Leona
3482,Leonard
3483,Leonarda
3484,Leonardo
3485,Leone
3486,Leonel
3487,Leonia
3488,Leonida
3489,Leonie
3490,Leonila
3491,Leonor
3492,Leonora
3493,Leonore
3494,Leontine
3495,Leopoldo
3496,Leora
3497,Leota
3498,Lera
3499,Leroy
3500,Les
3501,Lesa
3502,Lesha
3503,Lesia
3504,Leslee
3505,Lesley
3507,Lesli
3508,Leslie
3510,Lessie
3511,Lester
3513,Leta
3514,Letha
3515,Leticia
3516,Letisha
3517,Letitia
3518,Lettie
3519,Letty
3520,Levi
3521,Lewis
3523,Lexie
3524,Lezlie
3526,Lia
3527,Liana
3528,Liane
3529,Lianne
3530,Libbie
3531,Libby
3532,Liberty
3533,Librada
3534,Lida
3535,Lidia
3536,Lien
3537,Lieselotte
3538,Ligia
3539,Lila
3540,Lili
3541,Lilia
3542,Lilian
3543,Liliana
3544,Lilla
3545,Lilli
3546,Lillia
3547,Lilliam
3548,Lillian
3549,Lilliana
3550,Lillie
3551,Lilly
3552,Lily
3553,Lin
3554,Lina
3555,Lincoln
3556,Linda
3557,Lindsay
3559,Lindsey
3561,Lindsy
3562,Lindy
3563,Linette
3564,Ling
3565,Linh
3566,Linn
3567,Linnea
3568,Linnie
3569,Lino
3570,Linsey
3571,Linwood
3572,Lionel
3573,Lisa
3574,Lisabeth
3575,Lisandra
3576,Lisbeth
3577,Lise
3578,Lisette
3579,Lisha
3580,Lissa
3581,Lissette
3582,Lita
3583,Livia
3584,Liz
3585,Liza
3586,Lizabeth
3587,Lizbeth
3588,Lizeth
3589,Lizette
3590,Lizzette
3591,Lizzie
3592,Lloyd
3593,Loan
3594,Logan
3596,Loida
3597,Lois
3598,Loise
3599,Lola
3600,Lolita
3601,Loma
3602,Lon
3603,Lona
3604,Londa
3605,Long
3606,Loni
3607,Lonna
3608,Lonnie
3610,Lonny
3611,Lora
3612,Loraine
3613,Loralee
3614,Lore
3615,Lorean
3616,Loree
3617,Loreen
3618,Lorelei
3619,Loren
3621,Lorena
3622,Lorene
3623,Lorenza
3624,Lorenzo
3625,Loreta
3626,Loretta
3627,Lorette
3628,Lori
3629,Loria
3630,Loriann
3631,Lorie
3632,Lorilee
3633,Lorina
3634,Lorinda
3635,Lorine
3636,Loris
3637,Lorita
3638,Lorna
3639,Lorraine
3640,Lorretta
3641,Lorri
3642,Lorriane
3643,Lorrie
3644,Lorrine
3645,Lory
3646,Lottie
3647,Lou
3649,Louann
3650,Louanne
3651,Louella
3652,Louetta
3653,Louie
3655,Louis
3657,Louisa
3658,Louise
3659,Loura
3660,Lourdes
3661,Lourie
3662,Louvenia
3663,Love
3664,Lovella
3665,Lovetta
3666,Lovie
3667,Lowell
3668,Loyce
3669,Loyd
3671,Luana
3672,Luann
3673,Luanna
3674,Luanne
3675,Luba
3676,Lucas
3677,Luci
3678,Lucia
3679,Luciana
3680,Luciano
3681,Lucie
3682,Lucien
3683,Lucienne
3684,Lucila
3685,Lucile
3686,Lucilla
3687,Lucille
3688,Lucina
3689,Lucinda
3690,Lucio
3691,Lucius
3692,Lucrecia
3693,Lucretia
3694,Lucy
3695,Ludie
3696,Ludivina
3697,Lue
3698,Luella
3699,Luetta
3700,Luigi
3701,Luis
3703,Luisa
3704,Luise
3705,Luke
3706,Lula
3707,Lulu
3708,Luna
3709,Lupe
3711,Lupita
3712,Lura
3713,Lurlene
3714,Lurline
3715,Luther
3716,Luvenia
3717,Luz
3718,Lyda
3719,Lydia
3720,Lyla
3721,Lyle
3722,Lyman
3723,Lyn
3724,Lynda
3725,Lyndia
3726,Lyndon
3727,Lyndsay
3728,Lyndsey
3729,Lynell
3730,Lynelle
3731,Lynetta
3732,Lynette
3733,Lynn
3735,Lynna
3736,Lynne
3737,Lynnette
3738,Lynsey
3739,Lynwood
3741,Mabel
3742,Mabelle
3743,Mable
3744,Mac
3745,Machelle
3746,Macie
3747,Mack
3748,Mackenzie
3749,Macy
3750,Madalene
3751,Madaline
3752,Madalyn
3753,Maddie
3754,Madelaine
3755,Madeleine
3756,Madelene
3757,Madeline
3758,Madelyn
3759,Madge
3760,Madie
3761,Madison
3762,Madlyn
3763,Madonna
3764,Mae
3765,Maegan
3766,Mafalda
3767,Magali
3768,Magaly
3769,Magan
3770,Magaret
3771,Magda
3772,Magdalen
3773,Magdalena
3774,Magdalene
3775,Magen
3776,Maggie
3777,Magnolia
3778,Mahalia
3779,Mai
3781,Maida
3782,Maile
3783,Maira
3784,Maire
3785,Maisha
3786,Maisie
3787,Major
3788,Majorie
3789,Makeda
3790,Malcolm
3791,Malcom
3792,Malena
3793,Malia
3794,Malik
3795,Malika
3796,Malinda
3797,Malisa
3798,Malissa
3799,Malka
3800,Mallie
3801,Mallory
3802,Malorie
3803,Malvina
3804,Mamie
3805,Mammie
3806,Man
3808,Mana
3809,Manda
3810,Mandi
3811,Mandie
3812,Mandy
3813,Manie
3814,Manual
3815,Manuel
3816,Manuela
3817,Many
3818,Mao
3819,Maple
3820,Mara
3821,Maragaret
3822,Maragret
3823,Maranda
3824,Marc
3825,Marcel
3826,Marcela
3827,Marcelene
3828,Marcelina
3829,Marceline
3830,Marcelino
3831,Marcell
3832,Marcella
3833,Marcelle
3834,Marcellus
3835,Marcelo
3836,Marcene
3837,Marchelle
3838,Marci
3839,Marcia
3840,Marcie
3841,Marco
3842,Marcos
3843,Marcus
3844,Marcy
3845,Mardell
3846,Maren
3847,Marg
3848,Margaret
3849,Margareta
3850,Margarete
3851,Margarett
3852,Margaretta
3853,Margarette
3854,Margarita
3855,Margarite
3856,Margarito
3857,Margart
3858,Marge
3859,Margene
3860,Margeret
3861,Margert
3862,Margery
3863,Marget
3864,Margherita
3865,Margie
3866,Margit
3867,Margo
3868,Margorie
3869,Margot
3870,Margret
3871,Margrett
3872,Marguerita
3873,Marguerite
3874,Margurite
3875,Margy
3876,Marhta
3877,Mari
3878,Maria
3880,Mariah
3881,Mariam
3882,Marian
3883,Mariana
3884,Marianela
3885,Mariann
3886,Marianna
3887,Marianne
3888,Mariano
3889,Maribel
3890,Maribeth
3891,Marica
3892,Maricela
3893,Maricruz
3894,Marie
3895,Mariel
3896,Mariela
3897,Mariella
3898,Marielle
3899,Marietta
3900,Mariette
3901,Mariko
3902,Marilee
3903,Marilou
3904,Marilu
3905,Marilyn
3906,Marilynn
3907,Marin
3908,Marina
3909,Marinda
3910,Marine
3911,Mario
3913,Marion
3915,Maris
3916,Marisa
3917,Marisela
3919,Marisol
3920,Marissa
3921,Marita
3922,Maritza
3923,Marivel
3924,Marjorie
3925,Marjory
3926,Mark
3928,Marketta
3929,Markita
3930,Markus
3931,Marla
3932,Marlana
3933,Marleen
3934,Marlen
3935,Marlena
3936,Marlene
3937,Marlin
3939,Marline
3940,Marlo
3941,Marlon
3942,Marlyn
3943,Marlys
3944,Marna
3945,Marni
3946,Marnie
3947,Marquerite
3948,Marquetta
3949,Marquis
3950,Marquita
3951,Marquitta
3952,Marry
3953,Marsha
3954,Marshall
3956,Marta
3957,Marth
3958,Martha
3959,Marti
3960,Martin
3962,Martina
3963,Martine
3964,Marty
3966,Marva
3967,Marvel
3968,Marvella
3969,Marvin
3970,Marvis
3971,Marx
3972,Mary
3974,Marya
3975,Maryalice
3976,Maryam
3977,Maryann
3978,Maryanna
3979,Maryanne
3980,Marybelle
3981,Marybeth
3982,Maryellen
3983,Maryetta
3984,Maryjane
3985,Maryjo
3986,Maryland
3987,Marylee
3988,Marylin
3989,Maryln
3990,Marylou
3991,Marylouise
3992,Marylyn
3993,Marylynn
3994,Maryrose
3995,Masako
3996,Mason
3997,Matha
3998,Mathew
3999,Mathilda
4000,Mathilde
4001,Matilda
4002,Matilde
4003,Matt
4004,Matthew
4006,Mattie
4007,Maud
4008,Maude
4009,Maudie
4010,Maura
4011,Maureen
4012,Maurice
4014,Mauricio
4015,Maurine
4016,Maurita
4017,Mauro
4018,Mavis
4019,Max
4020,Maxie
4021,Maxima
4022,Maximina
4023,Maximo
4024,Maxine
4025,Maxwell
4026,May
4027,Maya
4028,Maybell
4029,Maybelle
4030,Maye
4031,Mayme
4032,Maynard
4033,Mayola
4034,Mayra
4035,Mazie
4036,Mckenzie
4037,Mckinley
4038,Meagan
4039,Meaghan
4040,Mechelle
4041,Meda
4042,Mee
4043,Meg
4044,Megan
4045,Meggan
4046,Meghan
4047,Meghann
4048,Mei
4049,Mel
4050,Melaine
4051,Melani
4052,Melania
4053,Melanie
4054,Melany
4055,Melba
4056,Melda
4057,Melia
4058,Melida
4059,Melina
4060,Melinda
4061,Melisa
4062,Melissa
4063,Melissia
4064,Melita
4065,Mellie
4066,Mellisa
4067,Mellissa
4068,Melodee
4069,Melodi
4070,Melodie
4071,Melody
4072,Melonie
4073,Melony
4074,Melva
4075,Melvin
4077,Melvina
4078,Melynda
4079,Mendy
4080,Mercedes
4081,Mercedez
4082,Mercy
4083,Meredith
4084,Meri
4085,Merideth
4086,Meridith
4087,Merilyn
4088,Merissa
4089,Merle
4091,Merlene
4092,Merlin
4093,Merlyn
4094,Merna
4095,Merri
4096,Merrie
4097,Merrilee
4098,Merrill
4100,Merry
4101,Mertie
4102,Mervin
4103,Meryl
4104,Meta
4105,Mi
4106,Mia
4107,Mica
4108,Micaela
4109,Micah
4111,Micha
4112,Michael
4114,Michaela
4115,Michaele
4116,Michal
4118,Michale
4119,Micheal
4121,Michel
4123,Michele
4124,Michelina
4125,Micheline
4126,Michell
4127,Michelle
4128,Michiko
4129,Mickey
4131,Micki
4132,Mickie
4133,Miesha
4134,Migdalia
4135,Mignon
4136,Miguel
4137,Miguelina
4138,Mika
4139,Mikaela
4140,Mike
4142,Mikel
4143,Miki
4144,Mikki
4145,Mila
4146,Milagro
4147,Milagros
4148,Milan
4149,Milda
4150,Mildred
4151,Miles
4152,Milford
4153,Milissa
4154,Millard
4155,Millicent
4156,Millie
4157,Milly
4158,Milo
4159,Milton
4160,Mimi
4161,Min
4162,Mina
4163,Minda
4164,Mindi
4165,Mindy
4167,Ming
4168,Minh
4170,Minna
4171,Minnie
4172,Minta
4173,Miquel
4174,Mira
4175,Miranda
4176,Mireille
4177,Mirella
4178,Mireya
4179,Miriam
4180,Mirian
4181,Mirna
4182,Mirta
4183,Mirtha
4184,Misha
4185,Miss
4186,Missy
4187,Misti
4188,Mistie
4189,Misty
4190,Mitch
4191,Mitchel
4192,Mitchell
4194,Mitsue
4195,Mitsuko
4196,Mittie
4197,Mitzi
4198,Mitzie
4199,Miyoko
4200,Modesta
4201,Modesto
4202,Mohamed
4203,Mohammad
4204,Mohammed
4205,Moira
4206,Moises
4207,Mollie
4208,Molly
4209,Mona
4210,Monet
4211,Monica
4212,Monika
4213,Monique
4214,Monnie
4215,Monroe
4216,Monserrate
4217,Monte
4218,Monty
4219,Moon
4220,Mora
4221,Morgan
4223,Moriah
4224,Morris
4225,Morton
4226,Mose
4227,Moses
4228,Moshe
4229,Mozell
4230,Mozella
4231,Mozelle
4232,Mui
4233,Muoi
4234,Muriel
4235,Murray
4236,My
4237,Myesha
4238,Myles
4239,Myong
4240,Myra
4241,Myriam
4242,Myrl
4243,Myrle
4244,Myrna
4245,Myron
4246,Myrta
4247,Myrtice
4248,Myrtie
4249,Myrtis
4250,Myrtle
4251,Myung
4252,Na
4253,Nada
4254,Nadene
4255,Nadia
4256,Nadine
4257,Naida
4258,Nakesha
4259,Nakia
4260,Nakisha
4261,Nakita
4262,Nam
4263,Nan
4264,Nana
4265,Nancee
4266,Nancey
4267,Nanci
4268,Nancie
4269,Nancy
4270,Nanette
4271,Nannette
4272,Nannie
4273,Naoma
4274,Naomi
4275,Napoleon
4276,Narcisa
4277,Natacha
4278,Natalia
4279,Natalie
4280,Natalya
4281,Natasha
4282,Natashia
4283,Nathalie
4284,Nathan
4285,Nathanael
4286,Nathanial
4287,Nathaniel
4288,Natisha
4289,Natividad
4290,Natosha
4291,Neal
4292,Necole
4293,Ned
4294,Neda
4295,Nedra
4296,Neely
4297,Neida
4298,Neil
4299,Nelda
4300,Nelia
4301,Nelida
4302,Nell
4303,Nella
4304,Nelle
4305,Nellie
4306,Nelly
4307,Nelson
4308,Nena
4309,Nenita
4310,Neoma
4311,Neomi
4312,Nereida
4313,Nerissa
4314,Nery
4315,Nestor
4316,Neta
4317,Nettie
4318,Neva
4319,Nevada
4320,Neville
4321,Newton
4322,Nga
4323,Ngan
4324,Ngoc
4325,Nguyet
4326,Nia
4327,Nichelle
4328,Nichol
4329,Nicholas
4330,Nichole
4331,Nicholle
4332,Nick
4333,Nicki
4334,Nickie
4335,Nickolas
4336,Nickole
4337,Nicky
4339,Nicol
4340,Nicola
4341,Nicolas
4342,Nicolasa
4343,Nicole
4344,Nicolette
4345,Nicolle
4346,Nida
4347,Nidia
4348,Niesha
4349,Nieves
4350,Nigel
4351,Niki
4352,Nikia
4353,Nikita
4354,Nikki
4355,Nikole
4356,Nila
4357,Nilda
4358,Nilsa
4359,Nina
4360,Ninfa
4361,Nisha
4362,Nita
4363,Noah
4364,Noble
4365,Nobuko
4366,Noe
4367,Noel
4369,Noelia
4370,Noella
4371,Noelle
4372,Noemi
4373,Nohemi
4374,Nola
4375,Nolan
4376,Noma
4377,Nona
4378,Nora
4379,Norah
4380,Norbert
4381,Norberto
4382,Noreen
4383,Norene
4384,Noriko
4385,Norine
4386,Norma
4387,Norman
4389,Normand
4390,Norris
4391,Nova
4392,Novella
4393,Nu
4394,Nubia
4395,Numbers
4397,Nydia
4398,Nyla
4399,Obdulia
4400,Ocie
4401,Octavia
4402,Octavio
4403,Oda
4404,Odelia
4405,Odell
4407,Odessa
4408,Odette
4409,Odilia
4410,Odis
4411,Ofelia
4412,Ok
4413,Ola
4414,Olen
4415,Olene
4416,Oleta
4417,Olevia
4418,Olga
4419,Olimpia
4420,Olin
4421,Olinda
4422,Oliva
4423,Olive
4424,Oliver
4425,Olivia
4426,Ollie
4428,Olympia
4429,Oma
4430,Omar
4431,Omega
4432,Omer
4433,Ona
4434,Oneida
4435,Onie
4436,Onita
4437,Opal
4438,Ophelia
4439,Ora
4440,Oralee
4441,Oralia
4442,Oren
4443,Oretha
4444,Orlando
4445,Orpha
4446,Orval
4447,Orville
4448,Oscar
4450,Ossie
4451,Osvaldo
4452,Oswaldo
4453,Otelia
4454,Otha
4456,Otilia
4457,Otis
4458,Otto
4459,Ouida
4460,Owen
4461,Ozell
4462,Ozella
4463,Ozie
4464,Pa
4465,Pablo
4466,Page
4467,Paige
4468,Palma
4469,Palmer
4470,Palmira
4471,Pam
4472,Pamala
4473,Pamela
4474,Pamelia
4475,Pamella
4476,Pamila
4477,Pamula
4478,Pandora
4479,Pansy
4480,Paola
4481,Paris
4483,Parker
4484,Parthenia
4485,Particia
4486,Pasquale
4487,Pasty
4488,Pat
4490,Patience
4491,Patria
4492,Patrica
4493,Patrice
4494,Patricia
4496,Patrick
4498,Patrina
4499,Patsy
4500,Patti
4501,Pattie
4502,Patty
4503,Paul
4505,Paula
4506,Paulene
4507,Pauletta
4508,Paulette
4509,Paulina
4510,Pauline
4511,Paulita
4512,Paz
4513,Pearl
4514,Pearle
4515,Pearlene
4516,Pearlie
4517,Pearline
4518,Pearly
4519,Pedro
4520,Peg
4521,Peggie
4522,Peggy
4523,Pei
4524,Penelope
4525,Penney
4526,Penni
4527,Pennie
4528,Penny
4529,Percy
4530,Perla
4531,Perry
4533,Pete
4534,Peter
4536,Petra
4537,Petrina
4538,Petronila
4539,Phebe
4540,Phil
4541,Philip
4542,Phillip
4543,Phillis
4544,Philomena
4545,Phoebe
4546,Phung
4547,Phuong
4548,Phylicia
4549,Phylis
4550,Phyliss
4551,Phyllis
4552,Pia
4553,Piedad
4554,Pierre
4555,Pilar
4556,Ping
4557,Pinkie
4558,Piper
4559,Pok
4560,Polly
4561,Porfirio
4562,Porsche
4563,Porsha
4564,Porter
4565,Portia
4566,Precious
4567,Preston
4568,Pricilla
4569,Prince
4570,Princess
4571,Priscila
4572,Priscilla
4573,Providencia
4574,Prudence
4575,Pura
4576,Qiana
4577,Queen
4578,Queenie
4579,Quentin
4580,Quiana
4581,Quincy
4582,Quinn
4584,Quintin
4585,Quinton
4586,Quyen
4587,Rachael
4588,Rachal
4589,Racheal
4590,Rachel
4591,Rachele
4592,Rachell
4593,Rachelle
4594,Racquel
4595,Rae
4596,Raeann
4597,Raelene
4598,Rafael
4599,Rafaela
4600,Raguel
4601,Raina
4602,Raisa
4603,Raleigh
4604,Ralph
4605,Ramiro
4606,Ramon
4607,Ramona
4608,Ramonita
4609,Rana
4610,Ranae
4611,Randa
4612,Randal
4613,Randall
4614,Randee
4615,Randell
4616,Randi
4617,Randolph
4618,Randy
4620,Ranee
4621,Raphael
4622,Raquel
4623,Rashad
4624,Rasheeda
4625,Rashida
4626,Raul
4627,Raven
4628,Ray
4630,Raye
4631,Rayford
4632,Raylene
4633,Raymon
4634,Raymond
4636,Raymonde
4637,Raymundo
4638,Rayna
4639,Rea
4640,Reagan
4641,Reanna
4642,Reatha
4643,Reba
4644,Rebbeca
4645,Rebbecca
4646,Rebeca
4647,Rebecca
4648,Rebecka
4649,Rebekah
4650,Reda
4651,Reed
4652,Reena
4653,Refugia
4654,Refugio
4656,Regan
4657,Regena
4658,Regenia
4659,Reggie
4660,Regina
4661,Reginald
4662,Regine
4663,Reginia
4664,Reid
4665,Reiko
4666,Reina
4667,Reinaldo
4668,Reita
4669,Rema
4670,Remedios
4671,Remona
4672,Rena
4673,Renae
4674,Renaldo
4675,Renata
4676,Renate
4677,Renato
4678,Renay
4679,Renda
4680,Rene
4682,Renea
4683,Renee
4684,Renetta
4685,Renita
4686,Renna
4687,Ressie
4688,Reta
4689,Retha
4690,Retta
4691,Reuben
4692,Reva
4693,Rex
4694,Rey
4695,Reyes
4696,Reyna
4697,Reynalda
4698,Reynaldo
4699,Rhea
4700,Rheba
4701,Rhett
4702,Rhiannon
4703,Rhoda
4704,Rhona
4705,Rhonda
4706,Ria
4707,Ricarda
4708,Ricardo
4709,Rich
4710,Richard
4712,Richelle
4713,Richie
4714,Rick
4715,Rickey
4716,Ricki
4717,Rickie
4719,Ricky
4720,Rico
4721,Rigoberto
4722,Rikki
4723,Riley
4724,Rima
4725,Rina
4726,Risa
4727,Rita
4728,Riva
4729,Rivka
4730,Rob
4731,Robbi
4732,Robbie
4734,Robbin
4735,Robby
4736,Robbyn
4737,Robena
4738,Robert
4740,Roberta
4741,Roberto
4743,Robin
4745,Robt
4746,Robyn
4747,Rocco
4748,Rochel
4749,Rochell
4750,Rochelle
4751,Rocio
4752,Rocky
4753,Rod
4754,Roderick
4755,Rodger
4756,Rodney
4757,Rodolfo
4758,Rodrick
4759,Rodrigo
4760,Rogelio
4761,Roger
4762,Roland
4763,Rolanda
4764,Rolande
4765,Rolando
4766,Rolf
4767,Rolland
4768,Roma
4769,Romaine
4770,Roman
4771,Romana
4772,Romelia
4773,Romeo
4774,Romona
4775,Ron
4776,Rona
4777,Ronald
4779,Ronda
4780,Roni
4781,Ronna
4782,Ronni
4783,Ronnie
4785,Ronny
4786,Roosevelt
4787,Rory
4789,Rosa
4790,Rosalba
4791,Rosalee
4792,Rosalia
4793,Rosalie
4794,Rosalina
4795,Rosalind
4796,Rosalinda
4797,Rosaline
4798,Rosalva
4799,Rosalyn
4800,Rosamaria
4801,Rosamond
4802,Rosana
4803,Rosann
4804,Rosanna
4805,Rosanne
4806,Rosaria
4807,Rosario
4809,Rosaura
4810,Roscoe
4811,Rose
4812,Roseann
4813,Roseanna
4814,Roseanne
4815,Roselee
4816,Roselia
4817,Roseline
4818,Rosella
4819,Roselle
4820,Roselyn
4821,Rosemarie
4822,Rosemary
4823,Rosena
4824,Rosenda
4825,Rosendo
4826,Rosetta
4827,Rosette
4828,Rosia
4829,Rosie
4830,Rosina
4831,Rosio
4832,Rosita
4833,Roslyn
4834,Ross
4835,Rossana
4836,Rossie
4837,Rosy
4838,Rowena
4839,Roxana
4840,Roxane
4841,Roxann
4842,Roxanna
4843,Roxanne
4844,Roxie
4845,Roxy
4846,Roy
4848,Royal
4849,Royce
4851,Rozanne
4852,Rozella
4853,Ruben
4854,Rubi
4855,Rubie
4856,Rubin
4857,Ruby
4858,Rubye
4859,Rudolf
4860,Rudolph
4861,Rudy
4863,Rueben
4864,Rufina
4865,Rufus
4866,Rupert
4867,Russ
4868,Russel
4869,Russell
4871,Rusty
4872,Ruth
4873,Rutha
4874,Ruthann
4875,Ruthanne
4876,Ruthe
4877,Ruthie
4878,Ryan
4880,Ryann
4881,Sabina
4882,Sabine
4883,Sabra
4884,Sabrina
4885,Sacha
4886,Sachiko
4887,Sade
4888,Sadie
4889,Sadye
4890,Sage
4891,Sal
4892,Salena
4893,Salina
4894,Salley
4895,Sallie
4896,Sally
4897,Salome
4898,Salvador
4899,Salvatore
4900,Sam
4902,Samantha
4903,Samara
4904,Samatha
4905,Samella
4906,Samira
4907,Sammie
4909,Sammy
4911,Samual
4912,Samuel
4914,Sana
4915,Sanda
4916,Sandee
4917,Sandi
4918,Sandie
4919,Sandra
4920,Sandy
4922,Sanford
4923,Sang
4925,Sanjuana
4926,Sanjuanita
4927,Sanora
4928,Santa
4929,Santana
4930,Santiago
4931,Santina
4932,Santo
4933,Santos
4935,Sara
4936,Sarah
4937,Sarai
4938,Saran
4939,Sari
4940,Sarina
4941,Sarita
4942,Sasha
4943,Saturnina
4944,Sau
4945,Saul
4946,Saundra
4947,Savanna
4948,Savannah
4949,Scarlet
4950,Scarlett
4951,Scot
4952,Scott
4954,Scottie
4956,Scotty
4957,Sean
4959,Season
4960,Sebastian
4961,Sebrina
4962,See
4963,Seema
4964,Selena
4966,Selina
4967,Selma
4968,Sena
4969,Senaida
4970,September
4971,Serafina
4972,Serena
4973,Sergio
4974,Serina
4975,Serita
4976,Seth
4977,Setsuko
4978,Seymour
4979,Sha
4980,Shad
4981,Shae
4982,Shaina
4983,Shakia
4984,Shakira
4985,Shakita
4986,Shala
4987,Shalanda
4988,Shalon
4989,Shalonda
4990,Shameka
4991,Shamika
4992,Shan
4993,Shana
4994,Shanae
4995,Shanda
4996,Shandi
4997,Shandra
4998,Shane
5000,Shaneka
5001,Shanel
5002,Shanell
5003,Shanelle
5004,Shani
5005,Shanice
5006,Shanika
5007,Shaniqua
5008,Shanita
5009,Shanna
5010,Shannan
5011,Shannon
5013,Shanon
5014,Shanta
5015,Shantae
5016,Shantay
5017,Shante
5018,Shantel
5019,Shantell
5020,Shantelle
5021,Shanti
5022,Shaquana
5023,Shaquita
5024,Shara
5025,Sharan
5026,Sharda
5027,Sharee
5028,Sharell
5029,Sharen
5030,Shari
5031,Sharice
5032,Sharie
5033,Sharika
5034,Sharilyn
5035,Sharita
5036,Sharla
5037,Sharleen
5038,Sharlene
5039,Sharmaine
5040,Sharolyn
5041,Sharon
5042,Sharonda
5043,Sharri
5044,Sharron
5045,Sharyl
5046,Sharyn
5047,Shasta
5048,Shaun
5050,Shauna
5051,Shaunda
5052,Shaunna
5053,Shaunta
5054,Shaunte
5055,Shavon
5056,Shavonda
5057,Shavonne
5058,Shawana
5059,Shawanda
5060,Shawanna
5061,Shawn
5063,Shawna
5064,Shawnda
5065,Shawnee
5066,Shawnna
5067,Shawnta
5068,Shay
5069,Shayla
5070,Shayna
5071,Shayne
5073,Shea
5074,Sheba
5075,Sheena
5076,Sheila
5077,Sheilah
5078,Shela
5079,Shelba
5080,Shelby
5082,Sheldon
5083,Shelia
5084,Shella
5085,Shelley
5086,Shelli
5087,Shellie
5088,Shelly
5089,Shelton
5090,Shemeka
5091,Shemika
5092,Shena
5093,Shenika
5094,Shenita
5095,Shenna
5096,Shera
5097,Sheree
5098,Sherell
5099,Sheri
5100,Sherice
5101,Sheridan
5102,Sherie
5103,Sherika
5104,Sherill
5105,Sherilyn
5106,Sherise
5107,Sherita
5108,Sherlene
5109,Sherley
5110,Sherly
5111,Sherlyn
5112,Sherman
5113,Sheron
5114,Sherrell
5115,Sherri
5116,Sherrie
5117,Sherril
5118,Sherrill
5119,Sherron
5120,Sherry
5121,Sherryl
5122,Sherwood
5123,Shery
5124,Sheryl
5125,Sheryll
5126,Shiela
5127,Shila
5128,Shiloh
5129,Shin
5130,Shira
5131,Shirely
5132,Shirl
5133,Shirlee
5134,Shirleen
5135,Shirlene
5136,Shirley
5138,Shirly
5139,Shizue
5140,Shizuko
5141,Shon
5142,Shona
5143,Shonda
5144,Shondra
5145,Shonna
5146,Shonta
5147,Shoshana
5148,Shu
5149,Shyla
5150,Sibyl
5151,Sid
5152,Sidney
5154,Sierra
5155,Signe
5156,Sigrid
5157,Silas
5158,Silva
5159,Silvana
5160,Silvia
5161,Sima
5162,Simon
5163,Simona
5164,Simone
5165,Simonne
5166,Sina
5167,Sindy
5168,Siobhan
5169,Sirena
5170,Siu
5171,Sixta
5172,Skye
5173,Slyvia
5174,So
5175,Socorro
5176,Sofia
5177,Soila
5180,Solange
5181,Soledad
5182,Solomon
5183,Somer
5184,Sommer
5185,Son
5187,Sona
5188,Sondra
5189,Song
5190,Sonia
5191,Sonja
5192,Sonny
5193,Sonya
5194,Soo
5195,Sook
5196,Soon
5197,Sophia
5198,Sophie
5199,Soraya
5200,Sparkle
5201,Spencer
5202,Spring
5203,Stacee
5204,Stacey
5206,Staci
5207,Stacia
5208,Stacie
5209,Stacy
5211,Stan
5212,Stanford
5213,Stanley
5214,Stanton
5215,Star
5216,Starla
5217,Starr
5218,Stasia
5219,Stefan
5220,Stefani
5221,Stefania
5222,Stefanie
5223,Stefany
5224,Steffanie
5225,Stella
5226,Stepanie
5227,Stephaine
5228,Stephan
5229,Stephane
5230,Stephani
5231,Stephania
5232,Stephanie
5233,Stephany
5234,Stephen
5236,Stephenie
5237,Stephine
5238,Stephnie
5239,Sterling
5240,Steve
5241,Steven
5243,Stevie
5245,Stewart
5246,Stormy
5247,Stuart
5248,Su
5249,Suanne
5250,Sudie
5251,Sue
5252,Sueann
5253,Suellen
5254,Suk
5255,Sulema
5256,Sumiko
5257,Summer
5258,Sun
5259,Sunday
5260,Sung
5262,Sunni
5263,Sunny
5264,Sunshine
5265,Susan
5266,Susana
5267,Susann
5268,Susanna
5269,Susannah
5270,Susanne
5271,Susie
5272,Susy
5273,Suzan
5274,Suzann
5275,Suzanna
5276,Suzanne
5277,Suzette
5278,Suzi
5279,Suzie
5280,Suzy
5281,Svetlana
5282,Sybil
5283,Syble
5284,Sydney
5286,Sylvester
5287,Sylvia
5288,Sylvie
5289,Synthia
5290,Syreeta
5291,Ta
5292,Tabatha
5293,Tabetha
5294,Tabitha
5295,Tad
5296,Tai
5297,Taina
5298,Taisha
5299,Tajuana
5300,Takako
5301,Takisha
5302,Talia
5303,Talisha
5304,Talitha
5305,Tam
5306,Tama
5307,Tamala
5308,Tamar
5309,Tamara
5310,Tamatha
5311,Tambra
5312,Tameika
5313,Tameka
5314,Tamekia
5315,Tamela
5316,Tamera
5317,Tamesha
5318,Tami
5319,Tamica
5320,Tamie
5321,Tamika
5322,Tamiko
5323,Tamisha
5324,Tammara
5325,Tammera
5326,Tammi
5327,Tammie
5328,Tammy
5329,Tamra
5330,Tana
5331,Tandra
5332,Tandy
5333,Taneka
5334,Tanesha
5335,Tangela
5336,Tania
5337,Tanika
5338,Tanisha
5339,Tanja
5340,Tanna
5341,Tanner
5342,Tanya
5343,Tara
5344,Tarah
5345,Taren
5346,Tari
5347,Tarra
5348,Tarsha
5349,Taryn
5350,Tasha
5351,Tashia
5352,Tashina
5353,Tasia
5354,Tatiana
5355,Tatum
5356,Tatyana
5357,Taunya
5358,Tawana
5359,Tawanda
5360,Tawanna
5361,Tawna
5362,Tawny
5363,Tawnya
5364,Taylor
5366,Tayna
5367,Ted
5368,Teddy
5369,Teena
5370,Tegan
5371,Teisha
5372,Telma
5373,Temeka
5374,Temika
5375,Tempie
5376,Temple
5377,Tena
5378,Tenesha
5379,Tenisha
5380,Tennie
5381,Tennille
5382,Teodora
5383,Teodoro
5384,Teofila
5385,Tequila
5386,Tera
5387,Tereasa
5388,Terence
5389,Teresa
5390,Terese
5391,Teresia
5392,Teresita
5393,Teressa
5394,Teri
5395,Terica
5396,Terina
5397,Terisa
5398,Terra
5399,Terrance
5400,Terrell
5402,Terrence
5403,Terresa
5404,Terri
5405,Terrie
5406,Terrilyn
5407,Terry
5409,Tesha
5410,Tess
5411,Tessa
5412,Tessie
5413,Thad
5414,Thaddeus
5415,Thalia
5416,Thanh
5418,Thao
5419,Thea
5420,Theda
5421,Thelma
5422,Theo
5424,Theodora
5425,Theodore
5426,Theola
5427,Theresa
5428,Therese
5429,Theresia
5430,Theressa
5431,Theron
5432,Thersa
5433,Thi
5434,Thomas
5436,Thomasena
5437,Thomasina
5438,Thomasine
5439,Thora
5440,Thresa
5441,Thu
5442,Thurman
5443,Thuy
5444,Tia
5445,Tiana
5446,Tianna
5447,Tiara
5448,Tien
5449,Tiera
5450,Tierra
5451,Tiesha
5452,Tifany
5453,Tiffaney
5454,Tiffani
5455,Tiffanie
5456,Tiffany
5457,Tiffiny
5458,Tijuana
5459,Tilda
5460,Tillie
5461,Tim
5462,Timika
5463,Timmy
5464,Timothy
5466,Tina
5467,Tinisha
5468,Tiny
5469,Tisa
5470,Tish
5471,Tisha
5472,Titus
5473,Tobi
5474,Tobias
5475,Tobie
5476,Toby
5478,Toccara
5479,Tod
5480,Todd
5481,Toi
5482,Tom
5483,Tomas
5484,Tomasa
5485,Tomeka
5486,Tomi
5487,Tomika
5488,Tomiko
5489,Tommie
5491,Tommy
5493,Tommye
5494,Tomoko
5495,Tona
5496,Tonda
5497,Tonette
5498,Toney
5499,Toni
5500,Tonia
5501,Tonie
5502,Tonisha
5503,Tonita
5504,Tonja
5505,Tony
5507,Tonya
5508,Tora
5509,Tori
5510,Torie
5511,Torri
5512,Torrie
5513,Tory
5515,Tosha
5516,Toshia
5517,Toshiko
5518,Tova
5519,Towanda
5520,Toya
5521,Tracee
5522,Tracey
5524,Traci
5525,Tracie
5526,Tracy
5528,Tran
5529,Trang
5530,Travis
5532,Treasa
5533,Treena
5534,Trena
5535,Trent
5536,Trenton
5537,Tresa
5538,Tressa
5539,Tressie
5540,Treva
5541,Trevor
5542,Trey
5543,Tricia
5544,Trina
5545,Trinh
5546,Trinidad
5548,Trinity
5549,Trish
5550,Trisha
5551,Trista
5552,Tristan
5554,Troy
5556,Trudi
5557,Trudie
5558,Trudy
5559,Trula
5560,Truman
5562,Tuan
5563,Tula
5564,Tuyet
5565,Twana
5566,Twanda
5567,Twanna
5568,Twila
5569,Twyla
5570,Ty
5571,Tyesha
5572,Tyisha
5573,Tyler
5575,Tynisha
5576,Tyra
5577,Tyree
5578,Tyrell
5579,Tyron
5580,Tyrone
5581,Tyson
5582,Ula
5583,Ulrike
5584,Ulysses
5585,Un
5586,Una
5587,Ursula
5588,Usha
5589,Ute
5590,Vada
5591,Val
5593,Valarie
5594,Valda
5595,Valencia
5596,Valene
5597,Valentin
5598,Valentina
5599,Valentine
5601,Valeri
5602,Valeria
5603,Valerie
5604,Valery
5605,Vallie
5606,Valorie
5607,Valrie
5608,Van
5610,Vance
5611,Vanda
5612,Vanesa
5613,Vanessa
5614,Vanetta
5615,Vania
5616,Vanita
5617,Vanna
5618,Vannesa
5619,Vannessa
5620,Vashti
5621,Vasiliki
5622,Vaughn
5623,Veda
5624,Velda
5625,Velia
5626,Vella
5627,Velma
5628,Velva
5629,Velvet
5630,Vena
5631,Venessa
5632,Venetta
5633,Venice
5634,Venita
5635,Vennie
5637,Veola
5638,Vera
5639,Verda
5640,Verdell
5641,Verdie
5642,Verena
5643,Vergie
5644,Verla
5645,Verlene
5646,Verlie
5647,Verline
5648,Vern
5649,Verna
5650,Vernell
5651,Vernetta
5652,Vernia
5653,Vernice
5654,Vernie
5655,Vernita
5656,Vernon
5658,Verona
5659,Veronica
5660,Veronika
5661,Veronique
5662,Versie
5663,Vertie
5665,Veta
5666,Vi
5667,Vicenta
5668,Vicente
5669,Vickey
5670,Vicki
5671,Vickie
5672,Vicky
5673,Victor
5675,Victoria
5676,Victorina
5677,Vida
5678,Viki
5679,Vikki
5680,Vilma
5681,Vina
5682,Vince
5683,Vincent
5684,Vincenza
5685,Vincenzo
5686,Vinita
5687,Vinnie
5688,Viola
5689,Violet
5690,Violeta
5691,Violette
5692,Virgen
5693,Virgie
5694,Virgil
5696,Virgilio
5697,Virgina
5698,Virginia
5699,Vita
5700,Vito
5701,Viva
5702,Vivan
5703,Vivian
5704,Viviana
5705,Vivien
5706,Vivienne
5707,Von
5708,Voncile
5709,Vonda
5710,Vonnie
5711,Wade
5712,Wai
5713,Waldo
5714,Walker
5715,Wallace
5716,Wally
5717,Walter
5719,Walton
5720,Waltraud
5721,Wan
5722,Wanda
5723,Waneta
5724,Wanetta
5725,Wanita
5726,Ward
5727,Warner
5728,Warren
5729,Wava
5730,Waylon
5731,Wayne
5732,Wei
5733,Weldon
5734,Wen
5735,Wendell
5736,Wendi
5737,Wendie
5738,Wendolyn
5739,Wendy
5740,Wenona
5741,Werner
5742,Wes
5743,Wesley
5745,Weston
5746,Whitley
5747,Whitney
5749,Wilber
5750,Wilbert
5751,Wilbur
5752,Wilburn
5753,Wilda
5754,Wiley
5755,Wilford
5756,Wilfred
5757,Wilfredo
5758,Wilhelmina
5759,Wilhemina
5760,Will
5761,Willa
5762,Willard
5763,Willena
5764,Willene
5765,Willetta
5766,Willette
5767,Willia
5768,William
5770,Williams
5771,Willian
5772,Willie
5774,Williemae
5775,Willis
5776,Willodean
5777,Willow
5778,Willy
5779,Wilma
5780,Wilmer
5781,Wilson
5782,Wilton
5783,Windy
5784,Winford
5785,Winfred
5786,Winifred
5787,Winnie
5788,Winnifred
5789,Winona
5790,Winston
5791,Winter
5792,Wm
5793,Wonda
5794,Woodrow
5795,Wyatt
5796,Wynell
5797,Wynona
5798,Xavier
5799,Xenia
5800,Xiao
5801,Xiomara
5802,Xochitl
5803,Xuan
5804,Yadira
5805,Yaeko
5806,Yael
5807,Yahaira
5808,Yajaira
5809,Yan
5810,Yang
5811,Yanira
5812,Yasmin
5813,Yasmine
5814,Yasuko
5815,Yee
5816,Yelena
5817,Yen
5818,Yer
5819,Yesenia
5820,Yessenia
5821,Yetta
5822,Yevette
5823,Yi
5824,Ying
5825,Yoko
5826,Yolanda
5827,Yolande
5828,Yolando
5829,Yolonda
5830,Yon
5831,Yong
5833,Yoshie
5834,Yoshiko
5835,Youlanda
5836,Young
5838,Yu
5839,Yuette
5840,Yuk
5842,Yukiko
5843,Yuko
5844,Yulanda
5845,Yun
5846,Yung
5847,Yuonne
5848,Yuri
5849,Yuriko
5850,Yvette
5851,Yvone
5852,Yvonne
5853,Zachariah
5854,Zachary
5855,Zachery
5856,Zack
5857,Zackary
5858,Zada
5859,Zaida
5860,Zana
5861,Zandra
5862,Zane
5863,Zelda
5864,Zella
5865,Zelma
5866,Zena
5867,Zenaida
5868,Zenia
5869,Zenobia
5870,Zetta
5871,Zina
5872,Zita
5873,Zoe
5874,Zofia
5875,Zoila
5876,Zola
5877,Zona
5878,Zonia
5879,Zora
5880,Zoraida
5881,Zula
5882,Zulema
5883,Zulma
